test,expected,result
iriw_TB_0_1_2_3_SCOPE_BLOCK_FENCE_SCOPE_BLOCK_BOTH_FENCE.als,, SAT
iriw_TB_0_1_23_SCOPE_BLOCK_FENCE_SCOPE_BLOCK_BOTH_FENCE.als,, SAT
iriw_TB_0_12_3_SCOPE_BLOCK_FENCE_SCOPE_BLOCK_BOTH_FENCE.als,, SAT
iriw_TB_0_123_SCOPE_BLOCK_FENCE_SCOPE_BLOCK_BOTH_FENCE.als,, SAT
iriw_TB_01_2_3_SCOPE_BLOCK_FENCE_SCOPE_BLOCK_BOTH_FENCE.als,, SAT
iriw_TB_01_23_SCOPE_BLOCK_FENCE_SCOPE_BLOCK_BOTH_FENCE.als,, SAT
iriw_TB_012_3_SCOPE_BLOCK_FENCE_SCOPE_BLOCK_BOTH_FENCE.als,, SAT
iriw_TB_0123_SCOPE_BLOCK_FENCE_SCOPE_BLOCK_BOTH_FENCE.als,, SAT
iriw_TB_0_1_2_3_SCOPE_BLOCK_FENCE_SCOPE_BLOCK_THREAD_1_FENCE.als,, SAT
iriw_TB_0_1_23_SCOPE_BLOCK_FENCE_SCOPE_BLOCK_THREAD_1_FENCE.als,, SAT
iriw_TB_0_12_3_SCOPE_BLOCK_FENCE_SCOPE_BLOCK_THREAD_1_FENCE.als,, SAT
iriw_TB_0_123_SCOPE_BLOCK_FENCE_SCOPE_BLOCK_THREAD_1_FENCE.als,, SAT
iriw_TB_01_2_3_SCOPE_BLOCK_FENCE_SCOPE_BLOCK_THREAD_1_FENCE.als,, SAT
iriw_TB_01_23_SCOPE_BLOCK_FENCE_SCOPE_BLOCK_THREAD_1_FENCE.als,, SAT
iriw_TB_012_3_SCOPE_BLOCK_FENCE_SCOPE_BLOCK_THREAD_1_FENCE.als,, SAT
iriw_TB_0123_SCOPE_BLOCK_FENCE_SCOPE_BLOCK_THREAD_1_FENCE.als,, SAT
iriw_TB_0_1_2_3_SCOPE_BLOCK_FENCE_SCOPE_BLOCK_THREAD_3_FENCE.als,, SAT
iriw_TB_0_1_23_SCOPE_BLOCK_FENCE_SCOPE_BLOCK_THREAD_3_FENCE.als,, SAT
iriw_TB_0_12_3_SCOPE_BLOCK_FENCE_SCOPE_BLOCK_THREAD_3_FENCE.als,, SAT
iriw_TB_0_123_SCOPE_BLOCK_FENCE_SCOPE_BLOCK_THREAD_3_FENCE.als,, SAT
iriw_TB_01_2_3_SCOPE_BLOCK_FENCE_SCOPE_BLOCK_THREAD_3_FENCE.als,, SAT
iriw_TB_01_23_SCOPE_BLOCK_FENCE_SCOPE_BLOCK_THREAD_3_FENCE.als,, SAT
iriw_TB_012_3_SCOPE_BLOCK_FENCE_SCOPE_BLOCK_THREAD_3_FENCE.als,, SAT
iriw_TB_0123_SCOPE_BLOCK_FENCE_SCOPE_BLOCK_THREAD_3_FENCE.als,, SAT
iriw_TB_0_1_2_3_SCOPE_BLOCK_FENCE_SCOPE_DEVICE_BOTH_FENCE.als,, SAT
iriw_TB_0_1_23_SCOPE_BLOCK_FENCE_SCOPE_DEVICE_BOTH_FENCE.als,, SAT
iriw_TB_0_12_3_SCOPE_BLOCK_FENCE_SCOPE_DEVICE_BOTH_FENCE.als,, SAT
iriw_TB_0_123_SCOPE_BLOCK_FENCE_SCOPE_DEVICE_BOTH_FENCE.als,, SAT
iriw_TB_01_2_3_SCOPE_BLOCK_FENCE_SCOPE_DEVICE_BOTH_FENCE.als,, SAT
iriw_TB_01_23_SCOPE_BLOCK_FENCE_SCOPE_DEVICE_BOTH_FENCE.als,, SAT
iriw_TB_012_3_SCOPE_BLOCK_FENCE_SCOPE_DEVICE_BOTH_FENCE.als,, SAT
iriw_TB_0123_SCOPE_BLOCK_FENCE_SCOPE_DEVICE_BOTH_FENCE.als,, SAT
iriw_TB_0_1_2_3_SCOPE_BLOCK_FENCE_SCOPE_DEVICE_THREAD_1_FENCE.als,, SAT
iriw_TB_0_1_23_SCOPE_BLOCK_FENCE_SCOPE_DEVICE_THREAD_1_FENCE.als,, SAT
iriw_TB_0_12_3_SCOPE_BLOCK_FENCE_SCOPE_DEVICE_THREAD_1_FENCE.als,, SAT
iriw_TB_0_123_SCOPE_BLOCK_FENCE_SCOPE_DEVICE_THREAD_1_FENCE.als,, SAT
iriw_TB_01_2_3_SCOPE_BLOCK_FENCE_SCOPE_DEVICE_THREAD_1_FENCE.als,, SAT
iriw_TB_01_23_SCOPE_BLOCK_FENCE_SCOPE_DEVICE_THREAD_1_FENCE.als,, SAT
iriw_TB_012_3_SCOPE_BLOCK_FENCE_SCOPE_DEVICE_THREAD_1_FENCE.als,, SAT
iriw_TB_0123_SCOPE_BLOCK_FENCE_SCOPE_DEVICE_THREAD_1_FENCE.als,, SAT
iriw_TB_0_1_2_3_SCOPE_BLOCK_FENCE_SCOPE_DEVICE_THREAD_3_FENCE.als,, SAT
iriw_TB_0_1_23_SCOPE_BLOCK_FENCE_SCOPE_DEVICE_THREAD_3_FENCE.als,, SAT
iriw_TB_0_12_3_SCOPE_BLOCK_FENCE_SCOPE_DEVICE_THREAD_3_FENCE.als,, SAT
iriw_TB_0_123_SCOPE_BLOCK_FENCE_SCOPE_DEVICE_THREAD_3_FENCE.als,, SAT
iriw_TB_01_2_3_SCOPE_BLOCK_FENCE_SCOPE_DEVICE_THREAD_3_FENCE.als,, SAT
iriw_TB_01_23_SCOPE_BLOCK_FENCE_SCOPE_DEVICE_THREAD_3_FENCE.als,, SAT
iriw_TB_012_3_SCOPE_BLOCK_FENCE_SCOPE_DEVICE_THREAD_3_FENCE.als,, SAT
iriw_TB_0123_SCOPE_BLOCK_FENCE_SCOPE_DEVICE_THREAD_3_FENCE.als,, SAT
iriw_TB_0_1_2_3_SCOPE_BLOCK_NO_FENCE_ACQUIRE.als,, SAT
iriw_TB_0_1_23_SCOPE_BLOCK_NO_FENCE_ACQUIRE.als,, SAT
iriw_TB_0_12_3_SCOPE_BLOCK_NO_FENCE_ACQUIRE.als,, SAT
iriw_TB_0_123_SCOPE_BLOCK_NO_FENCE_ACQUIRE.als,, SAT
iriw_TB_01_2_3_SCOPE_BLOCK_NO_FENCE_ACQUIRE.als,, SAT
iriw_TB_01_23_SCOPE_BLOCK_NO_FENCE_ACQUIRE.als,, SAT
iriw_TB_012_3_SCOPE_BLOCK_NO_FENCE_ACQUIRE.als,, SAT
iriw_TB_0123_SCOPE_BLOCK_NO_FENCE_ACQUIRE.als,, SAT
iriw_TB_0_1_2_3_SCOPE_BLOCK_NO_FENCE_RELAXED.als,, SAT
iriw_TB_0_1_23_SCOPE_BLOCK_NO_FENCE_RELAXED.als,, SAT
iriw_TB_0_12_3_SCOPE_BLOCK_NO_FENCE_RELAXED.als,, SAT
iriw_TB_0_123_SCOPE_BLOCK_NO_FENCE_RELAXED.als,, SAT
iriw_TB_01_2_3_SCOPE_BLOCK_NO_FENCE_RELAXED.als,, SAT
iriw_TB_01_23_SCOPE_BLOCK_NO_FENCE_RELAXED.als,, SAT
iriw_TB_012_3_SCOPE_BLOCK_NO_FENCE_RELAXED.als,, SAT
iriw_TB_0123_SCOPE_BLOCK_NO_FENCE_RELAXED.als,, SAT
iriw_TB_0_1_2_3_SCOPE_DEVICE_FENCE_SCOPE_BLOCK_BOTH_FENCE.als,, SAT
iriw_TB_0_1_23_SCOPE_DEVICE_FENCE_SCOPE_BLOCK_BOTH_FENCE.als,, SAT
iriw_TB_0_12_3_SCOPE_DEVICE_FENCE_SCOPE_BLOCK_BOTH_FENCE.als,, SAT
iriw_TB_0_123_SCOPE_DEVICE_FENCE_SCOPE_BLOCK_BOTH_FENCE.als,, SAT
iriw_TB_01_2_3_SCOPE_DEVICE_FENCE_SCOPE_BLOCK_BOTH_FENCE.als,, SAT
iriw_TB_01_23_SCOPE_DEVICE_FENCE_SCOPE_BLOCK_BOTH_FENCE.als,, SAT
iriw_TB_012_3_SCOPE_DEVICE_FENCE_SCOPE_BLOCK_BOTH_FENCE.als,, SAT
iriw_TB_0123_SCOPE_DEVICE_FENCE_SCOPE_BLOCK_BOTH_FENCE.als,, SAT
iriw_TB_0_1_2_3_SCOPE_DEVICE_FENCE_SCOPE_BLOCK_THREAD_1_FENCE.als,, SAT
iriw_TB_0_1_23_SCOPE_DEVICE_FENCE_SCOPE_BLOCK_THREAD_1_FENCE.als,, SAT
iriw_TB_0_12_3_SCOPE_DEVICE_FENCE_SCOPE_BLOCK_THREAD_1_FENCE.als,, SAT
iriw_TB_0_123_SCOPE_DEVICE_FENCE_SCOPE_BLOCK_THREAD_1_FENCE.als,, SAT
iriw_TB_01_2_3_SCOPE_DEVICE_FENCE_SCOPE_BLOCK_THREAD_1_FENCE.als,, SAT
iriw_TB_01_23_SCOPE_DEVICE_FENCE_SCOPE_BLOCK_THREAD_1_FENCE.als,, SAT
iriw_TB_012_3_SCOPE_DEVICE_FENCE_SCOPE_BLOCK_THREAD_1_FENCE.als,, SAT
iriw_TB_0123_SCOPE_DEVICE_FENCE_SCOPE_BLOCK_THREAD_1_FENCE.als,, SAT
iriw_TB_0_1_2_3_SCOPE_DEVICE_FENCE_SCOPE_BLOCK_THREAD_3_FENCE.als,, SAT
iriw_TB_0_1_23_SCOPE_DEVICE_FENCE_SCOPE_BLOCK_THREAD_3_FENCE.als,, SAT
iriw_TB_0_12_3_SCOPE_DEVICE_FENCE_SCOPE_BLOCK_THREAD_3_FENCE.als,, SAT
iriw_TB_0_123_SCOPE_DEVICE_FENCE_SCOPE_BLOCK_THREAD_3_FENCE.als,, SAT
iriw_TB_01_2_3_SCOPE_DEVICE_FENCE_SCOPE_BLOCK_THREAD_3_FENCE.als,, SAT
iriw_TB_01_23_SCOPE_DEVICE_FENCE_SCOPE_BLOCK_THREAD_3_FENCE.als,, SAT
iriw_TB_012_3_SCOPE_DEVICE_FENCE_SCOPE_BLOCK_THREAD_3_FENCE.als,, SAT
iriw_TB_0123_SCOPE_DEVICE_FENCE_SCOPE_BLOCK_THREAD_3_FENCE.als,, SAT
iriw_TB_0_1_2_3_SCOPE_DEVICE_FENCE_SCOPE_DEVICE_BOTH_FENCE.als,, SAT
iriw_TB_0_1_23_SCOPE_DEVICE_FENCE_SCOPE_DEVICE_BOTH_FENCE.als,, SAT
iriw_TB_0_12_3_SCOPE_DEVICE_FENCE_SCOPE_DEVICE_BOTH_FENCE.als,, SAT
iriw_TB_0_123_SCOPE_DEVICE_FENCE_SCOPE_DEVICE_BOTH_FENCE.als,, SAT
iriw_TB_01_2_3_SCOPE_DEVICE_FENCE_SCOPE_DEVICE_BOTH_FENCE.als,, SAT
iriw_TB_01_23_SCOPE_DEVICE_FENCE_SCOPE_DEVICE_BOTH_FENCE.als,, SAT
iriw_TB_012_3_SCOPE_DEVICE_FENCE_SCOPE_DEVICE_BOTH_FENCE.als,, SAT
iriw_TB_0123_SCOPE_DEVICE_FENCE_SCOPE_DEVICE_BOTH_FENCE.als,, SAT
iriw_TB_0_1_2_3_SCOPE_DEVICE_FENCE_SCOPE_DEVICE_THREAD_1_FENCE.als,, SAT
iriw_TB_0_1_23_SCOPE_DEVICE_FENCE_SCOPE_DEVICE_THREAD_1_FENCE.als,, SAT
iriw_TB_0_12_3_SCOPE_DEVICE_FENCE_SCOPE_DEVICE_THREAD_1_FENCE.als,, SAT
iriw_TB_0_123_SCOPE_DEVICE_FENCE_SCOPE_DEVICE_THREAD_1_FENCE.als,, SAT
iriw_TB_01_2_3_SCOPE_DEVICE_FENCE_SCOPE_DEVICE_THREAD_1_FENCE.als,, SAT
iriw_TB_01_23_SCOPE_DEVICE_FENCE_SCOPE_DEVICE_THREAD_1_FENCE.als,, SAT
iriw_TB_012_3_SCOPE_DEVICE_FENCE_SCOPE_DEVICE_THREAD_1_FENCE.als,, SAT
iriw_TB_0123_SCOPE_DEVICE_FENCE_SCOPE_DEVICE_THREAD_1_FENCE.als,, SAT
iriw_TB_0_1_2_3_SCOPE_DEVICE_FENCE_SCOPE_DEVICE_THREAD_3_FENCE.als,, SAT
iriw_TB_0_1_23_SCOPE_DEVICE_FENCE_SCOPE_DEVICE_THREAD_3_FENCE.als,, SAT
iriw_TB_0_12_3_SCOPE_DEVICE_FENCE_SCOPE_DEVICE_THREAD_3_FENCE.als,, SAT
iriw_TB_0_123_SCOPE_DEVICE_FENCE_SCOPE_DEVICE_THREAD_3_FENCE.als,, SAT
iriw_TB_01_2_3_SCOPE_DEVICE_FENCE_SCOPE_DEVICE_THREAD_3_FENCE.als,, SAT
iriw_TB_01_23_SCOPE_DEVICE_FENCE_SCOPE_DEVICE_THREAD_3_FENCE.als,, SAT
iriw_TB_012_3_SCOPE_DEVICE_FENCE_SCOPE_DEVICE_THREAD_3_FENCE.als,, SAT
iriw_TB_0123_SCOPE_DEVICE_FENCE_SCOPE_DEVICE_THREAD_3_FENCE.als,, SAT
iriw_TB_0_1_2_3_SCOPE_DEVICE_NO_FENCE_ACQUIRE.als,, SAT
iriw_TB_0_1_23_SCOPE_DEVICE_NO_FENCE_ACQUIRE.als,, SAT
iriw_TB_0_12_3_SCOPE_DEVICE_NO_FENCE_ACQUIRE.als,, SAT
iriw_TB_0_123_SCOPE_DEVICE_NO_FENCE_ACQUIRE.als,, SAT
iriw_TB_01_2_3_SCOPE_DEVICE_NO_FENCE_ACQUIRE.als,, SAT
iriw_TB_01_23_SCOPE_DEVICE_NO_FENCE_ACQUIRE.als,, SAT
iriw_TB_012_3_SCOPE_DEVICE_NO_FENCE_ACQUIRE.als,, SAT
iriw_TB_0123_SCOPE_DEVICE_NO_FENCE_ACQUIRE.als,, SAT
iriw_TB_0_1_2_3_SCOPE_DEVICE_NO_FENCE_RELAXED.als,, SAT
iriw_TB_0_1_23_SCOPE_DEVICE_NO_FENCE_RELAXED.als,, SAT
iriw_TB_0_12_3_SCOPE_DEVICE_NO_FENCE_RELAXED.als,, SAT
iriw_TB_0_123_SCOPE_DEVICE_NO_FENCE_RELAXED.als,, SAT
iriw_TB_01_2_3_SCOPE_DEVICE_NO_FENCE_RELAXED.als,, SAT
iriw_TB_01_23_SCOPE_DEVICE_NO_FENCE_RELAXED.als,, SAT
iriw_TB_012_3_SCOPE_DEVICE_NO_FENCE_RELAXED.als,, SAT
iriw_TB_0123_SCOPE_DEVICE_NO_FENCE_RELAXED.als,, SAT
iriw_TB_013_2_SCOPE_BLOCK_FENCE_SCOPE_BLOCK_BOTH_FENCE.als,, SAT
iriw_TB_013_2_SCOPE_BLOCK_FENCE_SCOPE_BLOCK_THREAD_1_FENCE.als,, SAT
iriw_TB_013_2_SCOPE_BLOCK_FENCE_SCOPE_BLOCK_THREAD_3_FENCE.als,, SAT
iriw_TB_013_2_SCOPE_BLOCK_FENCE_SCOPE_DEVICE_BOTH_FENCE.als,, SAT
iriw_TB_013_2_SCOPE_BLOCK_FENCE_SCOPE_DEVICE_THREAD_1_FENCE.als,, SAT
iriw_TB_013_2_SCOPE_BLOCK_FENCE_SCOPE_DEVICE_THREAD_3_FENCE.als,, SAT
iriw_TB_013_2_SCOPE_BLOCK_NO_FENCE_ACQUIRE.als,, SAT
iriw_TB_013_2_SCOPE_BLOCK_NO_FENCE_RELAXED.als,, SAT
iriw_TB_013_2_SCOPE_DEVICE_FENCE_SCOPE_BLOCK_BOTH_FENCE.als,, SAT
iriw_TB_013_2_SCOPE_DEVICE_FENCE_SCOPE_BLOCK_THREAD_1_FENCE.als,, SAT
iriw_TB_013_2_SCOPE_DEVICE_FENCE_SCOPE_BLOCK_THREAD_3_FENCE.als,, SAT
iriw_TB_013_2_SCOPE_DEVICE_FENCE_SCOPE_DEVICE_BOTH_FENCE.als,, SAT
iriw_TB_013_2_SCOPE_DEVICE_FENCE_SCOPE_DEVICE_THREAD_1_FENCE.als,, SAT
iriw_TB_013_2_SCOPE_DEVICE_FENCE_SCOPE_DEVICE_THREAD_3_FENCE.als,, SAT
iriw_TB_013_2_SCOPE_DEVICE_NO_FENCE_ACQUIRE.als,, SAT
iriw_TB_013_2_SCOPE_DEVICE_NO_FENCE_RELAXED.als,, SAT
iriw_TB_0_2_13_SCOPE_BLOCK_FENCE_SCOPE_BLOCK_BOTH_FENCE.als,, SAT
iriw_TB_02_1_3_SCOPE_BLOCK_FENCE_SCOPE_BLOCK_BOTH_FENCE.als,, SAT
iriw_TB_02_13_SCOPE_BLOCK_FENCE_SCOPE_BLOCK_BOTH_FENCE.als,, SAT
iriw_TB_0_2_13_SCOPE_BLOCK_FENCE_SCOPE_BLOCK_THREAD_1_FENCE.als,, SAT
iriw_TB_02_1_3_SCOPE_BLOCK_FENCE_SCOPE_BLOCK_THREAD_1_FENCE.als,, SAT
iriw_TB_02_13_SCOPE_BLOCK_FENCE_SCOPE_BLOCK_THREAD_1_FENCE.als,, SAT
iriw_TB_0_2_13_SCOPE_BLOCK_FENCE_SCOPE_BLOCK_THREAD_3_FENCE.als,, SAT
iriw_TB_02_1_3_SCOPE_BLOCK_FENCE_SCOPE_BLOCK_THREAD_3_FENCE.als,, SAT
iriw_TB_02_13_SCOPE_BLOCK_FENCE_SCOPE_BLOCK_THREAD_3_FENCE.als,, SAT
iriw_TB_0_2_13_SCOPE_BLOCK_FENCE_SCOPE_DEVICE_BOTH_FENCE.als,, SAT
iriw_TB_02_1_3_SCOPE_BLOCK_FENCE_SCOPE_DEVICE_BOTH_FENCE.als,, SAT
iriw_TB_02_13_SCOPE_BLOCK_FENCE_SCOPE_DEVICE_BOTH_FENCE.als,, SAT
iriw_TB_0_2_13_SCOPE_BLOCK_FENCE_SCOPE_DEVICE_THREAD_1_FENCE.als,, SAT
iriw_TB_02_1_3_SCOPE_BLOCK_FENCE_SCOPE_DEVICE_THREAD_1_FENCE.als,, SAT
iriw_TB_02_13_SCOPE_BLOCK_FENCE_SCOPE_DEVICE_THREAD_1_FENCE.als,, SAT
iriw_TB_0_2_13_SCOPE_BLOCK_FENCE_SCOPE_DEVICE_THREAD_3_FENCE.als,, SAT
iriw_TB_02_1_3_SCOPE_BLOCK_FENCE_SCOPE_DEVICE_THREAD_3_FENCE.als,, SAT
iriw_TB_02_13_SCOPE_BLOCK_FENCE_SCOPE_DEVICE_THREAD_3_FENCE.als,, SAT
iriw_TB_0_2_13_SCOPE_BLOCK_NO_FENCE_ACQUIRE.als,, SAT
iriw_TB_02_1_3_SCOPE_BLOCK_NO_FENCE_ACQUIRE.als,, SAT
iriw_TB_02_13_SCOPE_BLOCK_NO_FENCE_ACQUIRE.als,, SAT
iriw_TB_0_2_13_SCOPE_BLOCK_NO_FENCE_RELAXED.als,, SAT
iriw_TB_02_1_3_SCOPE_BLOCK_NO_FENCE_RELAXED.als,, SAT
iriw_TB_02_13_SCOPE_BLOCK_NO_FENCE_RELAXED.als,, SAT
iriw_TB_0_2_13_SCOPE_DEVICE_FENCE_SCOPE_BLOCK_BOTH_FENCE.als,, SAT
iriw_TB_02_1_3_SCOPE_DEVICE_FENCE_SCOPE_BLOCK_BOTH_FENCE.als,, SAT
iriw_TB_02_13_SCOPE_DEVICE_FENCE_SCOPE_BLOCK_BOTH_FENCE.als,, SAT
iriw_TB_0_2_13_SCOPE_DEVICE_FENCE_SCOPE_BLOCK_THREAD_1_FENCE.als,, SAT
iriw_TB_02_1_3_SCOPE_DEVICE_FENCE_SCOPE_BLOCK_THREAD_1_FENCE.als,, SAT
iriw_TB_02_13_SCOPE_DEVICE_FENCE_SCOPE_BLOCK_THREAD_1_FENCE.als,, SAT
iriw_TB_0_2_13_SCOPE_DEVICE_FENCE_SCOPE_BLOCK_THREAD_3_FENCE.als,, SAT
iriw_TB_02_1_3_SCOPE_DEVICE_FENCE_SCOPE_BLOCK_THREAD_3_FENCE.als,, SAT
iriw_TB_02_13_SCOPE_DEVICE_FENCE_SCOPE_BLOCK_THREAD_3_FENCE.als,, SAT
iriw_TB_0_2_13_SCOPE_DEVICE_FENCE_SCOPE_DEVICE_BOTH_FENCE.als,, SAT
iriw_TB_02_1_3_SCOPE_DEVICE_FENCE_SCOPE_DEVICE_BOTH_FENCE.als,, SAT
iriw_TB_02_13_SCOPE_DEVICE_FENCE_SCOPE_DEVICE_BOTH_FENCE.als,, SAT
iriw_TB_0_2_13_SCOPE_DEVICE_FENCE_SCOPE_DEVICE_THREAD_1_FENCE.als,, SAT
iriw_TB_02_1_3_SCOPE_DEVICE_FENCE_SCOPE_DEVICE_THREAD_1_FENCE.als,, SAT
iriw_TB_02_13_SCOPE_DEVICE_FENCE_SCOPE_DEVICE_THREAD_1_FENCE.als,, SAT
iriw_TB_0_2_13_SCOPE_DEVICE_FENCE_SCOPE_DEVICE_THREAD_3_FENCE.als,, SAT
iriw_TB_02_1_3_SCOPE_DEVICE_FENCE_SCOPE_DEVICE_THREAD_3_FENCE.als,, SAT
iriw_TB_02_13_SCOPE_DEVICE_FENCE_SCOPE_DEVICE_THREAD_3_FENCE.als,, SAT
iriw_TB_0_2_13_SCOPE_DEVICE_NO_FENCE_ACQUIRE.als,, SAT
iriw_TB_02_1_3_SCOPE_DEVICE_NO_FENCE_ACQUIRE.als,, SAT
iriw_TB_02_13_SCOPE_DEVICE_NO_FENCE_ACQUIRE.als,, SAT
iriw_TB_0_2_13_SCOPE_DEVICE_NO_FENCE_RELAXED.als,, SAT
iriw_TB_02_1_3_SCOPE_DEVICE_NO_FENCE_RELAXED.als,, SAT
iriw_TB_02_13_SCOPE_DEVICE_NO_FENCE_RELAXED.als,, SAT
iriw_TB_023_1_SCOPE_BLOCK_FENCE_SCOPE_BLOCK_BOTH_FENCE.als,, SAT
iriw_TB_023_1_SCOPE_BLOCK_FENCE_SCOPE_BLOCK_THREAD_1_FENCE.als,, SAT
iriw_TB_023_1_SCOPE_BLOCK_FENCE_SCOPE_BLOCK_THREAD_3_FENCE.als,, SAT
iriw_TB_023_1_SCOPE_BLOCK_FENCE_SCOPE_DEVICE_BOTH_FENCE.als,, SAT
iriw_TB_023_1_SCOPE_BLOCK_FENCE_SCOPE_DEVICE_THREAD_1_FENCE.als,, SAT
iriw_TB_023_1_SCOPE_BLOCK_FENCE_SCOPE_DEVICE_THREAD_3_FENCE.als,, SAT
iriw_TB_023_1_SCOPE_BLOCK_NO_FENCE_ACQUIRE.als,, SAT
iriw_TB_023_1_SCOPE_BLOCK_NO_FENCE_RELAXED.als,, SAT
iriw_TB_023_1_SCOPE_DEVICE_FENCE_SCOPE_BLOCK_BOTH_FENCE.als,, SAT
iriw_TB_023_1_SCOPE_DEVICE_FENCE_SCOPE_BLOCK_THREAD_1_FENCE.als,, SAT
iriw_TB_023_1_SCOPE_DEVICE_FENCE_SCOPE_BLOCK_THREAD_3_FENCE.als,, SAT
iriw_TB_023_1_SCOPE_DEVICE_FENCE_SCOPE_DEVICE_BOTH_FENCE.als,, SAT
iriw_TB_023_1_SCOPE_DEVICE_FENCE_SCOPE_DEVICE_THREAD_1_FENCE.als,, SAT
iriw_TB_023_1_SCOPE_DEVICE_FENCE_SCOPE_DEVICE_THREAD_3_FENCE.als,, SAT
iriw_TB_023_1_SCOPE_DEVICE_NO_FENCE_ACQUIRE.als,, SAT
iriw_TB_023_1_SCOPE_DEVICE_NO_FENCE_RELAXED.als,, SAT
iriw_TB_03_1_2_SCOPE_BLOCK_FENCE_SCOPE_BLOCK_BOTH_FENCE.als,, SAT
iriw_TB_03_12_SCOPE_BLOCK_FENCE_SCOPE_BLOCK_BOTH_FENCE.als,, SAT
iriw_TB_03_1_2_SCOPE_BLOCK_FENCE_SCOPE_BLOCK_THREAD_1_FENCE.als,, SAT
iriw_TB_03_12_SCOPE_BLOCK_FENCE_SCOPE_BLOCK_THREAD_1_FENCE.als,, SAT
iriw_TB_03_1_2_SCOPE_BLOCK_FENCE_SCOPE_BLOCK_THREAD_3_FENCE.als,, SAT
iriw_TB_03_12_SCOPE_BLOCK_FENCE_SCOPE_BLOCK_THREAD_3_FENCE.als,, SAT
iriw_TB_03_1_2_SCOPE_BLOCK_FENCE_SCOPE_DEVICE_BOTH_FENCE.als,, SAT
iriw_TB_03_12_SCOPE_BLOCK_FENCE_SCOPE_DEVICE_BOTH_FENCE.als,, SAT
iriw_TB_03_1_2_SCOPE_BLOCK_FENCE_SCOPE_DEVICE_THREAD_1_FENCE.als,, SAT
iriw_TB_03_12_SCOPE_BLOCK_FENCE_SCOPE_DEVICE_THREAD_1_FENCE.als,, SAT
iriw_TB_03_1_2_SCOPE_BLOCK_FENCE_SCOPE_DEVICE_THREAD_3_FENCE.als,, SAT
iriw_TB_03_12_SCOPE_BLOCK_FENCE_SCOPE_DEVICE_THREAD_3_FENCE.als,, SAT
iriw_TB_03_1_2_SCOPE_BLOCK_NO_FENCE_ACQUIRE.als,, SAT
iriw_TB_03_12_SCOPE_BLOCK_NO_FENCE_ACQUIRE.als,, SAT
iriw_TB_03_1_2_SCOPE_BLOCK_NO_FENCE_RELAXED.als,, SAT
iriw_TB_03_12_SCOPE_BLOCK_NO_FENCE_RELAXED.als,, SAT
iriw_TB_03_1_2_SCOPE_DEVICE_FENCE_SCOPE_BLOCK_BOTH_FENCE.als,, SAT
iriw_TB_03_12_SCOPE_DEVICE_FENCE_SCOPE_BLOCK_BOTH_FENCE.als,, SAT
iriw_TB_03_1_2_SCOPE_DEVICE_FENCE_SCOPE_BLOCK_THREAD_1_FENCE.als,, SAT
iriw_TB_03_12_SCOPE_DEVICE_FENCE_SCOPE_BLOCK_THREAD_1_FENCE.als,, SAT
iriw_TB_03_1_2_SCOPE_DEVICE_FENCE_SCOPE_BLOCK_THREAD_3_FENCE.als,, SAT
iriw_TB_03_12_SCOPE_DEVICE_FENCE_SCOPE_BLOCK_THREAD_3_FENCE.als,, SAT
iriw_TB_03_1_2_SCOPE_DEVICE_FENCE_SCOPE_DEVICE_BOTH_FENCE.als,, SAT
iriw_TB_03_12_SCOPE_DEVICE_FENCE_SCOPE_DEVICE_BOTH_FENCE.als,, SAT
iriw_TB_03_1_2_SCOPE_DEVICE_FENCE_SCOPE_DEVICE_THREAD_1_FENCE.als,, SAT
iriw_TB_03_12_SCOPE_DEVICE_FENCE_SCOPE_DEVICE_THREAD_1_FENCE.als,, SAT
iriw_TB_03_1_2_SCOPE_DEVICE_FENCE_SCOPE_DEVICE_THREAD_3_FENCE.als,, SAT
iriw_TB_03_12_SCOPE_DEVICE_FENCE_SCOPE_DEVICE_THREAD_3_FENCE.als,, SAT
iriw_TB_03_1_2_SCOPE_DEVICE_NO_FENCE_ACQUIRE.als,, SAT
iriw_TB_03_12_SCOPE_DEVICE_NO_FENCE_ACQUIRE.als,, SAT
iriw_TB_03_1_2_SCOPE_DEVICE_NO_FENCE_RELAXED.als,, SAT
iriw_TB_03_12_SCOPE_DEVICE_NO_FENCE_RELAXED.als,, SAT
isa2_TB_0_1_2_SCOPE_BLOCK_FENCE_SCOPE_BLOCK_ALL_FENCE.als,, SAT
isa2_TB_0_12_SCOPE_BLOCK_FENCE_SCOPE_BLOCK_ALL_FENCE.als,, SAT
isa2_TB_01_2_SCOPE_BLOCK_FENCE_SCOPE_BLOCK_ALL_FENCE.als,, SAT
isa2_TB_012_SCOPE_BLOCK_FENCE_SCOPE_BLOCK_ALL_FENCE.als,,UNSAT
isa2_TB_0_1_2_SCOPE_BLOCK_FENCE_SCOPE_BLOCK_THREAD_0_1_FENCE.als,, SAT
isa2_TB_0_12_SCOPE_BLOCK_FENCE_SCOPE_BLOCK_THREAD_0_1_FENCE.als,, SAT
isa2_TB_01_2_SCOPE_BLOCK_FENCE_SCOPE_BLOCK_THREAD_0_1_FENCE.als,, SAT
isa2_TB_012_SCOPE_BLOCK_FENCE_SCOPE_BLOCK_THREAD_0_1_FENCE.als,,UNSAT
isa2_TB_0_1_2_SCOPE_BLOCK_FENCE_SCOPE_BLOCK_THREAD_0_2_FENCE_ACQ.als,, SAT
isa2_TB_0_12_SCOPE_BLOCK_FENCE_SCOPE_BLOCK_THREAD_0_2_FENCE_ACQ.als,, SAT
isa2_TB_01_2_SCOPE_BLOCK_FENCE_SCOPE_BLOCK_THREAD_0_2_FENCE_ACQ.als,, SAT
isa2_TB_012_SCOPE_BLOCK_FENCE_SCOPE_BLOCK_THREAD_0_2_FENCE_ACQ.als,, SAT
isa2_TB_0_1_2_SCOPE_BLOCK_FENCE_SCOPE_BLOCK_THREAD_0_2_FENCE_REL.als,, SAT
isa2_TB_0_12_SCOPE_BLOCK_FENCE_SCOPE_BLOCK_THREAD_0_2_FENCE_REL.als,, SAT
isa2_TB_01_2_SCOPE_BLOCK_FENCE_SCOPE_BLOCK_THREAD_0_2_FENCE_REL.als,, SAT
isa2_TB_012_SCOPE_BLOCK_FENCE_SCOPE_BLOCK_THREAD_0_2_FENCE_REL.als,, SAT
isa2_TB_0_1_2_SCOPE_BLOCK_FENCE_SCOPE_BLOCK_THREAD_0_FENCE_ACQ.als,, SAT
isa2_TB_0_12_SCOPE_BLOCK_FENCE_SCOPE_BLOCK_THREAD_0_FENCE_ACQ.als,, SAT
isa2_TB_01_2_SCOPE_BLOCK_FENCE_SCOPE_BLOCK_THREAD_0_FENCE_ACQ.als,, SAT
isa2_TB_012_SCOPE_BLOCK_FENCE_SCOPE_BLOCK_THREAD_0_FENCE_ACQ.als,, SAT
isa2_TB_0_1_2_SCOPE_BLOCK_FENCE_SCOPE_BLOCK_THREAD_0_FENCE_REL.als,, SAT
isa2_TB_0_12_SCOPE_BLOCK_FENCE_SCOPE_BLOCK_THREAD_0_FENCE_REL.als,, SAT
isa2_TB_01_2_SCOPE_BLOCK_FENCE_SCOPE_BLOCK_THREAD_0_FENCE_REL.als,, SAT
isa2_TB_012_SCOPE_BLOCK_FENCE_SCOPE_BLOCK_THREAD_0_FENCE_REL.als,, SAT
isa2_TB_0_1_2_SCOPE_BLOCK_FENCE_SCOPE_BLOCK_THREAD_1_2_FENCE.als,, SAT
isa2_TB_0_12_SCOPE_BLOCK_FENCE_SCOPE_BLOCK_THREAD_1_2_FENCE.als,, SAT
isa2_TB_01_2_SCOPE_BLOCK_FENCE_SCOPE_BLOCK_THREAD_1_2_FENCE.als,, SAT
isa2_TB_012_SCOPE_BLOCK_FENCE_SCOPE_BLOCK_THREAD_1_2_FENCE.als,,UNSAT
isa2_TB_0_1_2_SCOPE_BLOCK_FENCE_SCOPE_BLOCK_THREAD_1_FENCE.als,, SAT
isa2_TB_0_12_SCOPE_BLOCK_FENCE_SCOPE_BLOCK_THREAD_1_FENCE.als,, SAT
isa2_TB_01_2_SCOPE_BLOCK_FENCE_SCOPE_BLOCK_THREAD_1_FENCE.als,, SAT
isa2_TB_012_SCOPE_BLOCK_FENCE_SCOPE_BLOCK_THREAD_1_FENCE.als,,UNSAT
isa2_TB_0_1_2_SCOPE_BLOCK_FENCE_SCOPE_BLOCK_THREAD_2_FENCE_ACQ.als,, SAT
isa2_TB_0_12_SCOPE_BLOCK_FENCE_SCOPE_BLOCK_THREAD_2_FENCE_ACQ.als,, SAT
isa2_TB_01_2_SCOPE_BLOCK_FENCE_SCOPE_BLOCK_THREAD_2_FENCE_ACQ.als,, SAT
isa2_TB_012_SCOPE_BLOCK_FENCE_SCOPE_BLOCK_THREAD_2_FENCE_ACQ.als,, SAT
isa2_TB_0_1_2_SCOPE_BLOCK_FENCE_SCOPE_BLOCK_THREAD_2_FENCE_REL.als,, SAT
isa2_TB_0_12_SCOPE_BLOCK_FENCE_SCOPE_BLOCK_THREAD_2_FENCE_REL.als,, SAT
isa2_TB_01_2_SCOPE_BLOCK_FENCE_SCOPE_BLOCK_THREAD_2_FENCE_REL.als,, SAT
isa2_TB_012_SCOPE_BLOCK_FENCE_SCOPE_BLOCK_THREAD_2_FENCE_REL.als,, SAT
isa2_TB_0_1_2_SCOPE_BLOCK_FENCE_SCOPE_DEVICE_ALL_FENCE.als,, SAT
isa2_TB_0_12_SCOPE_BLOCK_FENCE_SCOPE_DEVICE_ALL_FENCE.als,, SAT
isa2_TB_01_2_SCOPE_BLOCK_FENCE_SCOPE_DEVICE_ALL_FENCE.als,, SAT
isa2_TB_012_SCOPE_BLOCK_FENCE_SCOPE_DEVICE_ALL_FENCE.als,,UNSAT
isa2_TB_0_1_2_SCOPE_BLOCK_FENCE_SCOPE_DEVICE_THREAD_0_1_FENCE.als,, SAT
isa2_TB_0_12_SCOPE_BLOCK_FENCE_SCOPE_DEVICE_THREAD_0_1_FENCE.als,, SAT
isa2_TB_01_2_SCOPE_BLOCK_FENCE_SCOPE_DEVICE_THREAD_0_1_FENCE.als,, SAT
isa2_TB_012_SCOPE_BLOCK_FENCE_SCOPE_DEVICE_THREAD_0_1_FENCE.als,,UNSAT
isa2_TB_0_1_2_SCOPE_BLOCK_FENCE_SCOPE_DEVICE_THREAD_0_2_FENCE_ACQ.als,, SAT
isa2_TB_0_12_SCOPE_BLOCK_FENCE_SCOPE_DEVICE_THREAD_0_2_FENCE_ACQ.als,, SAT
isa2_TB_01_2_SCOPE_BLOCK_FENCE_SCOPE_DEVICE_THREAD_0_2_FENCE_ACQ.als,, SAT
isa2_TB_012_SCOPE_BLOCK_FENCE_SCOPE_DEVICE_THREAD_0_2_FENCE_ACQ.als,, SAT
isa2_TB_0_1_2_SCOPE_BLOCK_FENCE_SCOPE_DEVICE_THREAD_0_2_FENCE_REL.als,, SAT
isa2_TB_0_12_SCOPE_BLOCK_FENCE_SCOPE_DEVICE_THREAD_0_2_FENCE_REL.als,, SAT
isa2_TB_01_2_SCOPE_BLOCK_FENCE_SCOPE_DEVICE_THREAD_0_2_FENCE_REL.als,, SAT
isa2_TB_012_SCOPE_BLOCK_FENCE_SCOPE_DEVICE_THREAD_0_2_FENCE_REL.als,, SAT
isa2_TB_0_1_2_SCOPE_BLOCK_FENCE_SCOPE_DEVICE_THREAD_0_FENCE_ACQ.als,, SAT
isa2_TB_0_12_SCOPE_BLOCK_FENCE_SCOPE_DEVICE_THREAD_0_FENCE_ACQ.als,, SAT
isa2_TB_01_2_SCOPE_BLOCK_FENCE_SCOPE_DEVICE_THREAD_0_FENCE_ACQ.als,, SAT
isa2_TB_012_SCOPE_BLOCK_FENCE_SCOPE_DEVICE_THREAD_0_FENCE_ACQ.als,, SAT
isa2_TB_0_1_2_SCOPE_BLOCK_FENCE_SCOPE_DEVICE_THREAD_0_FENCE_REL.als,, SAT
isa2_TB_0_12_SCOPE_BLOCK_FENCE_SCOPE_DEVICE_THREAD_0_FENCE_REL.als,, SAT
isa2_TB_01_2_SCOPE_BLOCK_FENCE_SCOPE_DEVICE_THREAD_0_FENCE_REL.als,, SAT
isa2_TB_012_SCOPE_BLOCK_FENCE_SCOPE_DEVICE_THREAD_0_FENCE_REL.als,, SAT
isa2_TB_0_1_2_SCOPE_BLOCK_FENCE_SCOPE_DEVICE_THREAD_1_2_FENCE.als,, SAT
isa2_TB_0_12_SCOPE_BLOCK_FENCE_SCOPE_DEVICE_THREAD_1_2_FENCE.als,, SAT
isa2_TB_01_2_SCOPE_BLOCK_FENCE_SCOPE_DEVICE_THREAD_1_2_FENCE.als,, SAT
isa2_TB_012_SCOPE_BLOCK_FENCE_SCOPE_DEVICE_THREAD_1_2_FENCE.als,,UNSAT
isa2_TB_0_1_2_SCOPE_BLOCK_FENCE_SCOPE_DEVICE_THREAD_1_FENCE.als,, SAT
isa2_TB_0_12_SCOPE_BLOCK_FENCE_SCOPE_DEVICE_THREAD_1_FENCE.als,, SAT
isa2_TB_01_2_SCOPE_BLOCK_FENCE_SCOPE_DEVICE_THREAD_1_FENCE.als,, SAT
isa2_TB_012_SCOPE_BLOCK_FENCE_SCOPE_DEVICE_THREAD_1_FENCE.als,,UNSAT
isa2_TB_0_1_2_SCOPE_BLOCK_FENCE_SCOPE_DEVICE_THREAD_2_FENCE_ACQ.als,, SAT
isa2_TB_0_12_SCOPE_BLOCK_FENCE_SCOPE_DEVICE_THREAD_2_FENCE_ACQ.als,, SAT
isa2_TB_01_2_SCOPE_BLOCK_FENCE_SCOPE_DEVICE_THREAD_2_FENCE_ACQ.als,, SAT
isa2_TB_012_SCOPE_BLOCK_FENCE_SCOPE_DEVICE_THREAD_2_FENCE_ACQ.als,, SAT
isa2_TB_0_1_2_SCOPE_BLOCK_FENCE_SCOPE_DEVICE_THREAD_2_FENCE_REL.als,, SAT
isa2_TB_0_12_SCOPE_BLOCK_FENCE_SCOPE_DEVICE_THREAD_2_FENCE_REL.als,, SAT
isa2_TB_01_2_SCOPE_BLOCK_FENCE_SCOPE_DEVICE_THREAD_2_FENCE_REL.als,, SAT
isa2_TB_012_SCOPE_BLOCK_FENCE_SCOPE_DEVICE_THREAD_2_FENCE_REL.als,, SAT
isa2_TB_0_1_2_SCOPE_BLOCK_NO_FENCE_ACQUIRE.als,, SAT
isa2_TB_0_12_SCOPE_BLOCK_NO_FENCE_ACQUIRE.als,, SAT
isa2_TB_01_2_SCOPE_BLOCK_NO_FENCE_ACQUIRE.als,, SAT
isa2_TB_012_SCOPE_BLOCK_NO_FENCE_ACQUIRE.als,, SAT
isa2_TB_0_1_2_SCOPE_BLOCK_NO_FENCE_RELAXED.als,, SAT
isa2_TB_0_12_SCOPE_BLOCK_NO_FENCE_RELAXED.als,, SAT
isa2_TB_01_2_SCOPE_BLOCK_NO_FENCE_RELAXED.als,, SAT
isa2_TB_012_SCOPE_BLOCK_NO_FENCE_RELAXED.als,, SAT
isa2_TB_0_1_2_SCOPE_BLOCK_NO_FENCE_RELEASE.als,, SAT
isa2_TB_0_12_SCOPE_BLOCK_NO_FENCE_RELEASE.als,, SAT
isa2_TB_01_2_SCOPE_BLOCK_NO_FENCE_RELEASE.als,, SAT
isa2_TB_012_SCOPE_BLOCK_NO_FENCE_RELEASE.als,, SAT
isa2_TB_0_1_2_SCOPE_DEVICE_FENCE_SCOPE_BLOCK_ALL_FENCE.als,, SAT
isa2_TB_0_12_SCOPE_DEVICE_FENCE_SCOPE_BLOCK_ALL_FENCE.als,, SAT
isa2_TB_01_2_SCOPE_DEVICE_FENCE_SCOPE_BLOCK_ALL_FENCE.als,, SAT
isa2_TB_012_SCOPE_DEVICE_FENCE_SCOPE_BLOCK_ALL_FENCE.als,,UNSAT
isa2_TB_0_1_2_SCOPE_DEVICE_FENCE_SCOPE_BLOCK_THREAD_0_1_FENCE.als,, SAT
isa2_TB_0_12_SCOPE_DEVICE_FENCE_SCOPE_BLOCK_THREAD_0_1_FENCE.als,, SAT
isa2_TB_01_2_SCOPE_DEVICE_FENCE_SCOPE_BLOCK_THREAD_0_1_FENCE.als,, SAT
isa2_TB_012_SCOPE_DEVICE_FENCE_SCOPE_BLOCK_THREAD_0_1_FENCE.als,,UNSAT
isa2_TB_0_1_2_SCOPE_DEVICE_FENCE_SCOPE_BLOCK_THREAD_0_2_FENCE_ACQ.als,, SAT
isa2_TB_0_12_SCOPE_DEVICE_FENCE_SCOPE_BLOCK_THREAD_0_2_FENCE_ACQ.als,, SAT
isa2_TB_01_2_SCOPE_DEVICE_FENCE_SCOPE_BLOCK_THREAD_0_2_FENCE_ACQ.als,, SAT
isa2_TB_012_SCOPE_DEVICE_FENCE_SCOPE_BLOCK_THREAD_0_2_FENCE_ACQ.als,, SAT
isa2_TB_0_1_2_SCOPE_DEVICE_FENCE_SCOPE_BLOCK_THREAD_0_2_FENCE_REL.als,, SAT
isa2_TB_0_12_SCOPE_DEVICE_FENCE_SCOPE_BLOCK_THREAD_0_2_FENCE_REL.als,, SAT
isa2_TB_01_2_SCOPE_DEVICE_FENCE_SCOPE_BLOCK_THREAD_0_2_FENCE_REL.als,, SAT
isa2_TB_012_SCOPE_DEVICE_FENCE_SCOPE_BLOCK_THREAD_0_2_FENCE_REL.als,, SAT
isa2_TB_0_1_2_SCOPE_DEVICE_FENCE_SCOPE_BLOCK_THREAD_0_FENCE_ACQ.als,, SAT
isa2_TB_0_12_SCOPE_DEVICE_FENCE_SCOPE_BLOCK_THREAD_0_FENCE_ACQ.als,, SAT
isa2_TB_01_2_SCOPE_DEVICE_FENCE_SCOPE_BLOCK_THREAD_0_FENCE_ACQ.als,, SAT
isa2_TB_012_SCOPE_DEVICE_FENCE_SCOPE_BLOCK_THREAD_0_FENCE_ACQ.als,, SAT
isa2_TB_0_1_2_SCOPE_DEVICE_FENCE_SCOPE_BLOCK_THREAD_0_FENCE_REL.als,, SAT
isa2_TB_0_12_SCOPE_DEVICE_FENCE_SCOPE_BLOCK_THREAD_0_FENCE_REL.als,, SAT
isa2_TB_01_2_SCOPE_DEVICE_FENCE_SCOPE_BLOCK_THREAD_0_FENCE_REL.als,, SAT
isa2_TB_012_SCOPE_DEVICE_FENCE_SCOPE_BLOCK_THREAD_0_FENCE_REL.als,, SAT
isa2_TB_0_1_2_SCOPE_DEVICE_FENCE_SCOPE_BLOCK_THREAD_1_2_FENCE.als,, SAT
isa2_TB_0_12_SCOPE_DEVICE_FENCE_SCOPE_BLOCK_THREAD_1_2_FENCE.als,, SAT
isa2_TB_01_2_SCOPE_DEVICE_FENCE_SCOPE_BLOCK_THREAD_1_2_FENCE.als,, SAT
isa2_TB_012_SCOPE_DEVICE_FENCE_SCOPE_BLOCK_THREAD_1_2_FENCE.als,,UNSAT
isa2_TB_0_1_2_SCOPE_DEVICE_FENCE_SCOPE_BLOCK_THREAD_1_FENCE.als,, SAT
isa2_TB_0_12_SCOPE_DEVICE_FENCE_SCOPE_BLOCK_THREAD_1_FENCE.als,, SAT
isa2_TB_01_2_SCOPE_DEVICE_FENCE_SCOPE_BLOCK_THREAD_1_FENCE.als,, SAT
isa2_TB_012_SCOPE_DEVICE_FENCE_SCOPE_BLOCK_THREAD_1_FENCE.als,,UNSAT
isa2_TB_0_1_2_SCOPE_DEVICE_FENCE_SCOPE_BLOCK_THREAD_2_FENCE_ACQ.als,, SAT
isa2_TB_0_12_SCOPE_DEVICE_FENCE_SCOPE_BLOCK_THREAD_2_FENCE_ACQ.als,, SAT
isa2_TB_01_2_SCOPE_DEVICE_FENCE_SCOPE_BLOCK_THREAD_2_FENCE_ACQ.als,, SAT
isa2_TB_012_SCOPE_DEVICE_FENCE_SCOPE_BLOCK_THREAD_2_FENCE_ACQ.als,, SAT
isa2_TB_0_1_2_SCOPE_DEVICE_FENCE_SCOPE_BLOCK_THREAD_2_FENCE_REL.als,, SAT
isa2_TB_0_12_SCOPE_DEVICE_FENCE_SCOPE_BLOCK_THREAD_2_FENCE_REL.als,, SAT
isa2_TB_01_2_SCOPE_DEVICE_FENCE_SCOPE_BLOCK_THREAD_2_FENCE_REL.als,, SAT
isa2_TB_012_SCOPE_DEVICE_FENCE_SCOPE_BLOCK_THREAD_2_FENCE_REL.als,, SAT
isa2_TB_0_1_2_SCOPE_DEVICE_FENCE_SCOPE_DEVICE_ALL_FENCE.als,,UNSAT
isa2_TB_0_12_SCOPE_DEVICE_FENCE_SCOPE_DEVICE_ALL_FENCE.als,,UNSAT
isa2_TB_01_2_SCOPE_DEVICE_FENCE_SCOPE_DEVICE_ALL_FENCE.als,,UNSAT
isa2_TB_012_SCOPE_DEVICE_FENCE_SCOPE_DEVICE_ALL_FENCE.als,,UNSAT
isa2_TB_0_1_2_SCOPE_DEVICE_FENCE_SCOPE_DEVICE_THREAD_0_1_FENCE.als,,UNSAT
isa2_TB_0_12_SCOPE_DEVICE_FENCE_SCOPE_DEVICE_THREAD_0_1_FENCE.als,,UNSAT
isa2_TB_01_2_SCOPE_DEVICE_FENCE_SCOPE_DEVICE_THREAD_0_1_FENCE.als,,UNSAT
isa2_TB_012_SCOPE_DEVICE_FENCE_SCOPE_DEVICE_THREAD_0_1_FENCE.als,,UNSAT
isa2_TB_0_1_2_SCOPE_DEVICE_FENCE_SCOPE_DEVICE_THREAD_0_2_FENCE_ACQ.als,, SAT
isa2_TB_0_12_SCOPE_DEVICE_FENCE_SCOPE_DEVICE_THREAD_0_2_FENCE_ACQ.als,, SAT
isa2_TB_01_2_SCOPE_DEVICE_FENCE_SCOPE_DEVICE_THREAD_0_2_FENCE_ACQ.als,, SAT
isa2_TB_012_SCOPE_DEVICE_FENCE_SCOPE_DEVICE_THREAD_0_2_FENCE_ACQ.als,, SAT
isa2_TB_0_1_2_SCOPE_DEVICE_FENCE_SCOPE_DEVICE_THREAD_0_2_FENCE_REL.als,, SAT
isa2_TB_0_12_SCOPE_DEVICE_FENCE_SCOPE_DEVICE_THREAD_0_2_FENCE_REL.als,, SAT
isa2_TB_01_2_SCOPE_DEVICE_FENCE_SCOPE_DEVICE_THREAD_0_2_FENCE_REL.als,, SAT
isa2_TB_012_SCOPE_DEVICE_FENCE_SCOPE_DEVICE_THREAD_0_2_FENCE_REL.als,, SAT
isa2_TB_0_1_2_SCOPE_DEVICE_FENCE_SCOPE_DEVICE_THREAD_0_FENCE_ACQ.als,, SAT
isa2_TB_0_12_SCOPE_DEVICE_FENCE_SCOPE_DEVICE_THREAD_0_FENCE_ACQ.als,, SAT
isa2_TB_01_2_SCOPE_DEVICE_FENCE_SCOPE_DEVICE_THREAD_0_FENCE_ACQ.als,, SAT
isa2_TB_012_SCOPE_DEVICE_FENCE_SCOPE_DEVICE_THREAD_0_FENCE_ACQ.als,, SAT
isa2_TB_0_1_2_SCOPE_DEVICE_FENCE_SCOPE_DEVICE_THREAD_0_FENCE_REL.als,, SAT
isa2_TB_0_12_SCOPE_DEVICE_FENCE_SCOPE_DEVICE_THREAD_0_FENCE_REL.als,, SAT
isa2_TB_01_2_SCOPE_DEVICE_FENCE_SCOPE_DEVICE_THREAD_0_FENCE_REL.als,, SAT
isa2_TB_012_SCOPE_DEVICE_FENCE_SCOPE_DEVICE_THREAD_0_FENCE_REL.als,, SAT
isa2_TB_0_1_2_SCOPE_DEVICE_FENCE_SCOPE_DEVICE_THREAD_1_2_FENCE.als,,UNSAT
isa2_TB_0_12_SCOPE_DEVICE_FENCE_SCOPE_DEVICE_THREAD_1_2_FENCE.als,,UNSAT
isa2_TB_01_2_SCOPE_DEVICE_FENCE_SCOPE_DEVICE_THREAD_1_2_FENCE.als,,UNSAT
isa2_TB_012_SCOPE_DEVICE_FENCE_SCOPE_DEVICE_THREAD_1_2_FENCE.als,,UNSAT
isa2_TB_0_1_2_SCOPE_DEVICE_FENCE_SCOPE_DEVICE_THREAD_1_FENCE.als,,UNSAT
isa2_TB_0_12_SCOPE_DEVICE_FENCE_SCOPE_DEVICE_THREAD_1_FENCE.als,,UNSAT
isa2_TB_01_2_SCOPE_DEVICE_FENCE_SCOPE_DEVICE_THREAD_1_FENCE.als,,UNSAT
isa2_TB_012_SCOPE_DEVICE_FENCE_SCOPE_DEVICE_THREAD_1_FENCE.als,,UNSAT
isa2_TB_0_1_2_SCOPE_DEVICE_FENCE_SCOPE_DEVICE_THREAD_2_FENCE_ACQ.als,, SAT
isa2_TB_0_12_SCOPE_DEVICE_FENCE_SCOPE_DEVICE_THREAD_2_FENCE_ACQ.als,, SAT
isa2_TB_01_2_SCOPE_DEVICE_FENCE_SCOPE_DEVICE_THREAD_2_FENCE_ACQ.als,, SAT
isa2_TB_012_SCOPE_DEVICE_FENCE_SCOPE_DEVICE_THREAD_2_FENCE_ACQ.als,, SAT
isa2_TB_0_1_2_SCOPE_DEVICE_FENCE_SCOPE_DEVICE_THREAD_2_FENCE_REL.als,, SAT
isa2_TB_0_12_SCOPE_DEVICE_FENCE_SCOPE_DEVICE_THREAD_2_FENCE_REL.als,, SAT
isa2_TB_01_2_SCOPE_DEVICE_FENCE_SCOPE_DEVICE_THREAD_2_FENCE_REL.als,, SAT
isa2_TB_012_SCOPE_DEVICE_FENCE_SCOPE_DEVICE_THREAD_2_FENCE_REL.als,, SAT
isa2_TB_0_1_2_SCOPE_DEVICE_NO_FENCE_ACQUIRE.als,, SAT
isa2_TB_0_12_SCOPE_DEVICE_NO_FENCE_ACQUIRE.als,, SAT
isa2_TB_01_2_SCOPE_DEVICE_NO_FENCE_ACQUIRE.als,, SAT
isa2_TB_012_SCOPE_DEVICE_NO_FENCE_ACQUIRE.als,, SAT
isa2_TB_0_1_2_SCOPE_DEVICE_NO_FENCE_RELAXED.als,, SAT
isa2_TB_0_12_SCOPE_DEVICE_NO_FENCE_RELAXED.als,, SAT
isa2_TB_01_2_SCOPE_DEVICE_NO_FENCE_RELAXED.als,, SAT
isa2_TB_012_SCOPE_DEVICE_NO_FENCE_RELAXED.als,, SAT
isa2_TB_0_1_2_SCOPE_DEVICE_NO_FENCE_RELEASE.als,, SAT
isa2_TB_0_12_SCOPE_DEVICE_NO_FENCE_RELEASE.als,, SAT
isa2_TB_01_2_SCOPE_DEVICE_NO_FENCE_RELEASE.als,, SAT
isa2_TB_012_SCOPE_DEVICE_NO_FENCE_RELEASE.als,, SAT
isa2_TB_1_02_SCOPE_BLOCK_FENCE_SCOPE_BLOCK_ALL_FENCE.als,, SAT
isa2_TB_1_02_SCOPE_BLOCK_FENCE_SCOPE_BLOCK_THREAD_0_1_FENCE.als,, SAT
isa2_TB_1_02_SCOPE_BLOCK_FENCE_SCOPE_BLOCK_THREAD_0_2_FENCE_ACQ.als,, SAT
isa2_TB_1_02_SCOPE_BLOCK_FENCE_SCOPE_BLOCK_THREAD_0_2_FENCE_REL.als,, SAT
isa2_TB_1_02_SCOPE_BLOCK_FENCE_SCOPE_BLOCK_THREAD_0_FENCE_ACQ.als,, SAT
isa2_TB_1_02_SCOPE_BLOCK_FENCE_SCOPE_BLOCK_THREAD_0_FENCE_REL.als,, SAT
isa2_TB_1_02_SCOPE_BLOCK_FENCE_SCOPE_BLOCK_THREAD_1_2_FENCE.als,, SAT
isa2_TB_1_02_SCOPE_BLOCK_FENCE_SCOPE_BLOCK_THREAD_1_FENCE.als,, SAT
isa2_TB_1_02_SCOPE_BLOCK_FENCE_SCOPE_BLOCK_THREAD_2_FENCE_ACQ.als,, SAT
isa2_TB_1_02_SCOPE_BLOCK_FENCE_SCOPE_BLOCK_THREAD_2_FENCE_REL.als,, SAT
isa2_TB_1_02_SCOPE_BLOCK_FENCE_SCOPE_DEVICE_ALL_FENCE.als,, SAT
isa2_TB_1_02_SCOPE_BLOCK_FENCE_SCOPE_DEVICE_THREAD_0_1_FENCE.als,, SAT
isa2_TB_1_02_SCOPE_BLOCK_FENCE_SCOPE_DEVICE_THREAD_0_2_FENCE_ACQ.als,, SAT
isa2_TB_1_02_SCOPE_BLOCK_FENCE_SCOPE_DEVICE_THREAD_0_2_FENCE_REL.als,, SAT
isa2_TB_1_02_SCOPE_BLOCK_FENCE_SCOPE_DEVICE_THREAD_0_FENCE_ACQ.als,, SAT
isa2_TB_1_02_SCOPE_BLOCK_FENCE_SCOPE_DEVICE_THREAD_0_FENCE_REL.als,, SAT
isa2_TB_1_02_SCOPE_BLOCK_FENCE_SCOPE_DEVICE_THREAD_1_2_FENCE.als,, SAT
isa2_TB_1_02_SCOPE_BLOCK_FENCE_SCOPE_DEVICE_THREAD_1_FENCE.als,, SAT
isa2_TB_1_02_SCOPE_BLOCK_FENCE_SCOPE_DEVICE_THREAD_2_FENCE_ACQ.als,, SAT
isa2_TB_1_02_SCOPE_BLOCK_FENCE_SCOPE_DEVICE_THREAD_2_FENCE_REL.als,, SAT
isa2_TB_1_02_SCOPE_BLOCK_NO_FENCE_ACQUIRE.als,, SAT
isa2_TB_1_02_SCOPE_BLOCK_NO_FENCE_RELAXED.als,, SAT
isa2_TB_1_02_SCOPE_BLOCK_NO_FENCE_RELEASE.als,, SAT
isa2_TB_1_02_SCOPE_DEVICE_FENCE_SCOPE_BLOCK_ALL_FENCE.als,, SAT
isa2_TB_1_02_SCOPE_DEVICE_FENCE_SCOPE_BLOCK_THREAD_0_1_FENCE.als,, SAT
isa2_TB_1_02_SCOPE_DEVICE_FENCE_SCOPE_BLOCK_THREAD_0_2_FENCE_ACQ.als,, SAT
isa2_TB_1_02_SCOPE_DEVICE_FENCE_SCOPE_BLOCK_THREAD_0_2_FENCE_REL.als,, SAT
isa2_TB_1_02_SCOPE_DEVICE_FENCE_SCOPE_BLOCK_THREAD_0_FENCE_ACQ.als,, SAT
isa2_TB_1_02_SCOPE_DEVICE_FENCE_SCOPE_BLOCK_THREAD_0_FENCE_REL.als,, SAT
isa2_TB_1_02_SCOPE_DEVICE_FENCE_SCOPE_BLOCK_THREAD_1_2_FENCE.als,, SAT
isa2_TB_1_02_SCOPE_DEVICE_FENCE_SCOPE_BLOCK_THREAD_1_FENCE.als,, SAT
isa2_TB_1_02_SCOPE_DEVICE_FENCE_SCOPE_BLOCK_THREAD_2_FENCE_ACQ.als,, SAT
isa2_TB_1_02_SCOPE_DEVICE_FENCE_SCOPE_BLOCK_THREAD_2_FENCE_REL.als,, SAT
isa2_TB_1_02_SCOPE_DEVICE_FENCE_SCOPE_DEVICE_ALL_FENCE.als,,UNSAT
isa2_TB_1_02_SCOPE_DEVICE_FENCE_SCOPE_DEVICE_THREAD_0_1_FENCE.als,,UNSAT
isa2_TB_1_02_SCOPE_DEVICE_FENCE_SCOPE_DEVICE_THREAD_0_2_FENCE_ACQ.als,, SAT
isa2_TB_1_02_SCOPE_DEVICE_FENCE_SCOPE_DEVICE_THREAD_0_2_FENCE_REL.als,, SAT
isa2_TB_1_02_SCOPE_DEVICE_FENCE_SCOPE_DEVICE_THREAD_0_FENCE_ACQ.als,, SAT
isa2_TB_1_02_SCOPE_DEVICE_FENCE_SCOPE_DEVICE_THREAD_0_FENCE_REL.als,, SAT
isa2_TB_1_02_SCOPE_DEVICE_FENCE_SCOPE_DEVICE_THREAD_1_2_FENCE.als,,UNSAT
isa2_TB_1_02_SCOPE_DEVICE_FENCE_SCOPE_DEVICE_THREAD_1_FENCE.als,,UNSAT
isa2_TB_1_02_SCOPE_DEVICE_FENCE_SCOPE_DEVICE_THREAD_2_FENCE_ACQ.als,, SAT
isa2_TB_1_02_SCOPE_DEVICE_FENCE_SCOPE_DEVICE_THREAD_2_FENCE_REL.als,, SAT
isa2_TB_1_02_SCOPE_DEVICE_NO_FENCE_ACQUIRE.als,, SAT
isa2_TB_1_02_SCOPE_DEVICE_NO_FENCE_RELAXED.als,, SAT
isa2_TB_1_02_SCOPE_DEVICE_NO_FENCE_RELEASE.als,, SAT
paper_example1_TB_0_1_2_3_SCOPE_DEVICE_NO_FENCE_DISALLOWED.als,, SAT
paper_example1_TB_0_1_2_3_SCOPE_DEVICE_NO_FENCE_RELAXED.als,, SAT
paper_example2_TB_0_1_2_3_SCOPE_DEVICE_FENCE_SC_SCOPE_DEVICE.als,, SAT
paper_example2_TB_0_1_2_3_SCOPE_DEVICE_NO_FENCE_DISALLOWED.als,, SAT
paper_example2_TB_0_1_2_3_SCOPE_DEVICE_NO_FENCE_RELAXED.als,, SAT
paper_example3_TB_012_3_SCOPE_BLOCK_FENCE_SC_SCOPE_BLOCK.als,, SAT
paper_example3_TB_02_13_SCOPE_BLOCK_FENCE_SC_SCOPE_BLOCK.als,, SAT
rwc_TB_0_1_2_SCOPE_BLOCK_FENCE_SCOPE_BLOCK_BOTH_FENCE.als,, SAT
rwc_TB_0_12_SCOPE_BLOCK_FENCE_SCOPE_BLOCK_BOTH_FENCE.als,, SAT
rwc_TB_01_2_SCOPE_BLOCK_FENCE_SCOPE_BLOCK_BOTH_FENCE.als,, SAT
rwc_TB_012_SCOPE_BLOCK_FENCE_SCOPE_BLOCK_BOTH_FENCE.als,, SAT
rwc_TB_0_1_2_SCOPE_BLOCK_FENCE_SCOPE_BLOCK_THREAD_1_FENCE_LOAD_SC.als,, SAT
rwc_TB_0_12_SCOPE_BLOCK_FENCE_SCOPE_BLOCK_THREAD_1_FENCE_LOAD_SC.als,, SAT
rwc_TB_01_2_SCOPE_BLOCK_FENCE_SCOPE_BLOCK_THREAD_1_FENCE_LOAD_SC.als,, SAT
rwc_TB_012_SCOPE_BLOCK_FENCE_SCOPE_BLOCK_THREAD_1_FENCE_LOAD_SC.als,, SAT
rwc_TB_0_1_2_SCOPE_BLOCK_FENCE_SCOPE_BLOCK_THREAD_1_FENCE_STORE_SC.als,, SAT
rwc_TB_0_12_SCOPE_BLOCK_FENCE_SCOPE_BLOCK_THREAD_1_FENCE_STORE_SC.als,, SAT
rwc_TB_01_2_SCOPE_BLOCK_FENCE_SCOPE_BLOCK_THREAD_1_FENCE_STORE_SC.als,, SAT
rwc_TB_012_SCOPE_BLOCK_FENCE_SCOPE_BLOCK_THREAD_1_FENCE_STORE_SC.als,, SAT
rwc_TB_0_1_2_SCOPE_BLOCK_FENCE_SCOPE_BLOCK_THREAD_2_FENCE.als,, SAT
rwc_TB_0_12_SCOPE_BLOCK_FENCE_SCOPE_BLOCK_THREAD_2_FENCE.als,, SAT
rwc_TB_01_2_SCOPE_BLOCK_FENCE_SCOPE_BLOCK_THREAD_2_FENCE.als,, SAT
rwc_TB_012_SCOPE_BLOCK_FENCE_SCOPE_BLOCK_THREAD_2_FENCE.als,, SAT
rwc_TB_0_1_2_SCOPE_BLOCK_FENCE_SCOPE_DEVICE_BOTH_FENCE.als,, SAT
rwc_TB_0_12_SCOPE_BLOCK_FENCE_SCOPE_DEVICE_BOTH_FENCE.als,, SAT
rwc_TB_01_2_SCOPE_BLOCK_FENCE_SCOPE_DEVICE_BOTH_FENCE.als,, SAT
rwc_TB_012_SCOPE_BLOCK_FENCE_SCOPE_DEVICE_BOTH_FENCE.als,, SAT
rwc_TB_0_1_2_SCOPE_BLOCK_FENCE_SCOPE_DEVICE_THREAD_1_FENCE_LOAD_SC.als,, SAT
rwc_TB_0_12_SCOPE_BLOCK_FENCE_SCOPE_DEVICE_THREAD_1_FENCE_LOAD_SC.als,, SAT
rwc_TB_01_2_SCOPE_BLOCK_FENCE_SCOPE_DEVICE_THREAD_1_FENCE_LOAD_SC.als,, SAT
rwc_TB_012_SCOPE_BLOCK_FENCE_SCOPE_DEVICE_THREAD_1_FENCE_LOAD_SC.als,, SAT
rwc_TB_0_1_2_SCOPE_BLOCK_FENCE_SCOPE_DEVICE_THREAD_1_FENCE_STORE_SC.als,, SAT
rwc_TB_0_12_SCOPE_BLOCK_FENCE_SCOPE_DEVICE_THREAD_1_FENCE_STORE_SC.als,, SAT
rwc_TB_01_2_SCOPE_BLOCK_FENCE_SCOPE_DEVICE_THREAD_1_FENCE_STORE_SC.als,, SAT
rwc_TB_012_SCOPE_BLOCK_FENCE_SCOPE_DEVICE_THREAD_1_FENCE_STORE_SC.als,, SAT
rwc_TB_0_1_2_SCOPE_BLOCK_FENCE_SCOPE_DEVICE_THREAD_2_FENCE.als,, SAT
rwc_TB_0_12_SCOPE_BLOCK_FENCE_SCOPE_DEVICE_THREAD_2_FENCE.als,, SAT
rwc_TB_01_2_SCOPE_BLOCK_FENCE_SCOPE_DEVICE_THREAD_2_FENCE.als,, SAT
rwc_TB_012_SCOPE_BLOCK_FENCE_SCOPE_DEVICE_THREAD_2_FENCE.als,, SAT
rwc_TB_0_1_2_SCOPE_BLOCK_NO_FENCE_LOAD_SC.als,, SAT
rwc_TB_0_12_SCOPE_BLOCK_NO_FENCE_LOAD_SC.als,, SAT
rwc_TB_01_2_SCOPE_BLOCK_NO_FENCE_LOAD_SC.als,, SAT
rwc_TB_012_SCOPE_BLOCK_NO_FENCE_LOAD_SC.als,, SAT
rwc_TB_0_1_2_SCOPE_BLOCK_NO_FENCE_RELAXED.als,, SAT
rwc_TB_0_12_SCOPE_BLOCK_NO_FENCE_RELAXED.als,, SAT
rwc_TB_01_2_SCOPE_BLOCK_NO_FENCE_RELAXED.als,, SAT
rwc_TB_012_SCOPE_BLOCK_NO_FENCE_RELAXED.als,, SAT
rwc_TB_0_1_2_SCOPE_BLOCK_NO_FENCE_STORE_SC.als,, SAT
rwc_TB_0_12_SCOPE_BLOCK_NO_FENCE_STORE_SC.als,, SAT
rwc_TB_01_2_SCOPE_BLOCK_NO_FENCE_STORE_SC.als,, SAT
rwc_TB_012_SCOPE_BLOCK_NO_FENCE_STORE_SC.als,, SAT
rwc_TB_0_1_2_SCOPE_DEVICE_FENCE_SCOPE_BLOCK_BOTH_FENCE.als,, SAT
rwc_TB_0_12_SCOPE_DEVICE_FENCE_SCOPE_BLOCK_BOTH_FENCE.als,, SAT
rwc_TB_01_2_SCOPE_DEVICE_FENCE_SCOPE_BLOCK_BOTH_FENCE.als,, SAT
rwc_TB_012_SCOPE_DEVICE_FENCE_SCOPE_BLOCK_BOTH_FENCE.als,, SAT
rwc_TB_0_1_2_SCOPE_DEVICE_FENCE_SCOPE_BLOCK_THREAD_1_FENCE_LOAD_SC.als,, SAT
rwc_TB_0_12_SCOPE_DEVICE_FENCE_SCOPE_BLOCK_THREAD_1_FENCE_LOAD_SC.als,, SAT
rwc_TB_01_2_SCOPE_DEVICE_FENCE_SCOPE_BLOCK_THREAD_1_FENCE_LOAD_SC.als,, SAT
rwc_TB_012_SCOPE_DEVICE_FENCE_SCOPE_BLOCK_THREAD_1_FENCE_LOAD_SC.als,, SAT
rwc_TB_0_1_2_SCOPE_DEVICE_FENCE_SCOPE_BLOCK_THREAD_1_FENCE_STORE_SC.als,, SAT
rwc_TB_0_12_SCOPE_DEVICE_FENCE_SCOPE_BLOCK_THREAD_1_FENCE_STORE_SC.als,, SAT
rwc_TB_01_2_SCOPE_DEVICE_FENCE_SCOPE_BLOCK_THREAD_1_FENCE_STORE_SC.als,, SAT
rwc_TB_012_SCOPE_DEVICE_FENCE_SCOPE_BLOCK_THREAD_1_FENCE_STORE_SC.als,, SAT
rwc_TB_0_1_2_SCOPE_DEVICE_FENCE_SCOPE_BLOCK_THREAD_2_FENCE.als,, SAT
rwc_TB_0_12_SCOPE_DEVICE_FENCE_SCOPE_BLOCK_THREAD_2_FENCE.als,, SAT
rwc_TB_01_2_SCOPE_DEVICE_FENCE_SCOPE_BLOCK_THREAD_2_FENCE.als,, SAT
rwc_TB_012_SCOPE_DEVICE_FENCE_SCOPE_BLOCK_THREAD_2_FENCE.als,, SAT
rwc_TB_0_1_2_SCOPE_DEVICE_FENCE_SCOPE_DEVICE_BOTH_FENCE.als,, SAT
rwc_TB_0_12_SCOPE_DEVICE_FENCE_SCOPE_DEVICE_BOTH_FENCE.als,, SAT
rwc_TB_01_2_SCOPE_DEVICE_FENCE_SCOPE_DEVICE_BOTH_FENCE.als,, SAT
rwc_TB_012_SCOPE_DEVICE_FENCE_SCOPE_DEVICE_BOTH_FENCE.als,, SAT
rwc_TB_0_1_2_SCOPE_DEVICE_FENCE_SCOPE_DEVICE_THREAD_1_FENCE_LOAD_SC.als,, SAT
rwc_TB_0_12_SCOPE_DEVICE_FENCE_SCOPE_DEVICE_THREAD_1_FENCE_LOAD_SC.als,, SAT
rwc_TB_01_2_SCOPE_DEVICE_FENCE_SCOPE_DEVICE_THREAD_1_FENCE_LOAD_SC.als,, SAT
rwc_TB_012_SCOPE_DEVICE_FENCE_SCOPE_DEVICE_THREAD_1_FENCE_LOAD_SC.als,, SAT
rwc_TB_0_1_2_SCOPE_DEVICE_FENCE_SCOPE_DEVICE_THREAD_1_FENCE_STORE_SC.als,, SAT
rwc_TB_0_12_SCOPE_DEVICE_FENCE_SCOPE_DEVICE_THREAD_1_FENCE_STORE_SC.als,, SAT
rwc_TB_01_2_SCOPE_DEVICE_FENCE_SCOPE_DEVICE_THREAD_1_FENCE_STORE_SC.als,, SAT
rwc_TB_012_SCOPE_DEVICE_FENCE_SCOPE_DEVICE_THREAD_1_FENCE_STORE_SC.als,, SAT
rwc_TB_0_1_2_SCOPE_DEVICE_FENCE_SCOPE_DEVICE_THREAD_2_FENCE.als,, SAT
rwc_TB_0_12_SCOPE_DEVICE_FENCE_SCOPE_DEVICE_THREAD_2_FENCE.als,, SAT
rwc_TB_01_2_SCOPE_DEVICE_FENCE_SCOPE_DEVICE_THREAD_2_FENCE.als,, SAT
rwc_TB_012_SCOPE_DEVICE_FENCE_SCOPE_DEVICE_THREAD_2_FENCE.als,, SAT
rwc_TB_0_1_2_SCOPE_DEVICE_NO_FENCE_LOAD_SC.als,, SAT
rwc_TB_0_12_SCOPE_DEVICE_NO_FENCE_LOAD_SC.als,, SAT
rwc_TB_01_2_SCOPE_DEVICE_NO_FENCE_LOAD_SC.als,, SAT
rwc_TB_012_SCOPE_DEVICE_NO_FENCE_LOAD_SC.als,, SAT
rwc_TB_0_1_2_SCOPE_DEVICE_NO_FENCE_RELAXED.als,, SAT
rwc_TB_0_12_SCOPE_DEVICE_NO_FENCE_RELAXED.als,, SAT
rwc_TB_01_2_SCOPE_DEVICE_NO_FENCE_RELAXED.als,, SAT
rwc_TB_012_SCOPE_DEVICE_NO_FENCE_RELAXED.als,, SAT
rwc_TB_0_1_2_SCOPE_DEVICE_NO_FENCE_STORE_SC.als,, SAT
rwc_TB_0_12_SCOPE_DEVICE_NO_FENCE_STORE_SC.als,, SAT
rwc_TB_01_2_SCOPE_DEVICE_NO_FENCE_STORE_SC.als,, SAT
rwc_TB_012_SCOPE_DEVICE_NO_FENCE_STORE_SC.als,, SAT
rwc_TB_1_02_SCOPE_BLOCK_FENCE_SCOPE_BLOCK_BOTH_FENCE.als,, SAT
rwc_TB_1_02_SCOPE_BLOCK_FENCE_SCOPE_BLOCK_THREAD_1_FENCE_LOAD_SC.als,, SAT
rwc_TB_1_02_SCOPE_BLOCK_FENCE_SCOPE_BLOCK_THREAD_1_FENCE_STORE_SC.als,, SAT
rwc_TB_1_02_SCOPE_BLOCK_FENCE_SCOPE_BLOCK_THREAD_2_FENCE.als,, SAT
rwc_TB_1_02_SCOPE_BLOCK_FENCE_SCOPE_DEVICE_BOTH_FENCE.als,, SAT
rwc_TB_1_02_SCOPE_BLOCK_FENCE_SCOPE_DEVICE_THREAD_1_FENCE_LOAD_SC.als,, SAT
rwc_TB_1_02_SCOPE_BLOCK_FENCE_SCOPE_DEVICE_THREAD_1_FENCE_STORE_SC.als,, SAT
rwc_TB_1_02_SCOPE_BLOCK_FENCE_SCOPE_DEVICE_THREAD_2_FENCE.als,, SAT
rwc_TB_1_02_SCOPE_BLOCK_NO_FENCE_LOAD_SC.als,, SAT
rwc_TB_1_02_SCOPE_BLOCK_NO_FENCE_RELAXED.als,, SAT
rwc_TB_1_02_SCOPE_BLOCK_NO_FENCE_STORE_SC.als,, SAT
rwc_TB_1_02_SCOPE_DEVICE_FENCE_SCOPE_BLOCK_BOTH_FENCE.als,, SAT
rwc_TB_1_02_SCOPE_DEVICE_FENCE_SCOPE_BLOCK_THREAD_1_FENCE_LOAD_SC.als,, SAT
rwc_TB_1_02_SCOPE_DEVICE_FENCE_SCOPE_BLOCK_THREAD_1_FENCE_STORE_SC.als,, SAT
rwc_TB_1_02_SCOPE_DEVICE_FENCE_SCOPE_BLOCK_THREAD_2_FENCE.als,, SAT
rwc_TB_1_02_SCOPE_DEVICE_FENCE_SCOPE_DEVICE_BOTH_FENCE.als,, SAT
rwc_TB_1_02_SCOPE_DEVICE_FENCE_SCOPE_DEVICE_THREAD_1_FENCE_LOAD_SC.als,, SAT
rwc_TB_1_02_SCOPE_DEVICE_FENCE_SCOPE_DEVICE_THREAD_1_FENCE_STORE_SC.als,, SAT
rwc_TB_1_02_SCOPE_DEVICE_FENCE_SCOPE_DEVICE_THREAD_2_FENCE.als,, SAT
rwc_TB_1_02_SCOPE_DEVICE_NO_FENCE_LOAD_SC.als,, SAT
rwc_TB_1_02_SCOPE_DEVICE_NO_FENCE_RELAXED.als,, SAT
rwc_TB_1_02_SCOPE_DEVICE_NO_FENCE_STORE_SC.als,, SAT
three_2w_TB_0_1_2_SCOPE_BLOCK_FENCE_SCOPE_BLOCK_ALL_FENCE.als,, SAT
three_2w_TB_0_12_SCOPE_BLOCK_FENCE_SCOPE_BLOCK_ALL_FENCE.als,, SAT
three_2w_TB_01_2_SCOPE_BLOCK_FENCE_SCOPE_BLOCK_ALL_FENCE.als,, SAT
three_2w_TB_012_SCOPE_BLOCK_FENCE_SCOPE_BLOCK_ALL_FENCE.als,, SAT
three_2w_TB_0_1_2_SCOPE_BLOCK_FENCE_SCOPE_BLOCK_FENCE_01.als,, SAT
three_2w_TB_0_12_SCOPE_BLOCK_FENCE_SCOPE_BLOCK_FENCE_01.als,, SAT
three_2w_TB_01_2_SCOPE_BLOCK_FENCE_SCOPE_BLOCK_FENCE_01.als,, SAT
three_2w_TB_012_SCOPE_BLOCK_FENCE_SCOPE_BLOCK_FENCE_01.als,, SAT
three_2w_TB_0_1_2_SCOPE_BLOCK_FENCE_SCOPE_BLOCK_FENCE_02.als,, SAT
three_2w_TB_0_12_SCOPE_BLOCK_FENCE_SCOPE_BLOCK_FENCE_02.als,, SAT
three_2w_TB_01_2_SCOPE_BLOCK_FENCE_SCOPE_BLOCK_FENCE_02.als,, SAT
three_2w_TB_012_SCOPE_BLOCK_FENCE_SCOPE_BLOCK_FENCE_02.als,, SAT
three_2w_TB_0_1_2_SCOPE_BLOCK_FENCE_SCOPE_BLOCK_FENCE_0.als,, SAT
three_2w_TB_0_12_SCOPE_BLOCK_FENCE_SCOPE_BLOCK_FENCE_0.als,, SAT
three_2w_TB_01_2_SCOPE_BLOCK_FENCE_SCOPE_BLOCK_FENCE_0.als,, SAT
three_2w_TB_012_SCOPE_BLOCK_FENCE_SCOPE_BLOCK_FENCE_0.als,, SAT
three_2w_TB_0_1_2_SCOPE_BLOCK_FENCE_SCOPE_BLOCK_FENCE_12.als,, SAT
three_2w_TB_0_12_SCOPE_BLOCK_FENCE_SCOPE_BLOCK_FENCE_12.als,, SAT
three_2w_TB_01_2_SCOPE_BLOCK_FENCE_SCOPE_BLOCK_FENCE_12.als,, SAT
three_2w_TB_012_SCOPE_BLOCK_FENCE_SCOPE_BLOCK_FENCE_12.als,, SAT
three_2w_TB_0_1_2_SCOPE_BLOCK_FENCE_SCOPE_BLOCK_FENCE_1.als,, SAT
three_2w_TB_0_12_SCOPE_BLOCK_FENCE_SCOPE_BLOCK_FENCE_1.als,, SAT
three_2w_TB_01_2_SCOPE_BLOCK_FENCE_SCOPE_BLOCK_FENCE_1.als,, SAT
three_2w_TB_012_SCOPE_BLOCK_FENCE_SCOPE_BLOCK_FENCE_1.als,, SAT
three_2w_TB_0_1_2_SCOPE_BLOCK_FENCE_SCOPE_BLOCK_FENCE_2.als,, SAT
three_2w_TB_0_12_SCOPE_BLOCK_FENCE_SCOPE_BLOCK_FENCE_2.als,, SAT
three_2w_TB_01_2_SCOPE_BLOCK_FENCE_SCOPE_BLOCK_FENCE_2.als,, SAT
three_2w_TB_012_SCOPE_BLOCK_FENCE_SCOPE_BLOCK_FENCE_2.als,, SAT
three_2w_TB_0_1_2_SCOPE_BLOCK_FENCE_SCOPE_DEVICE_ALL_FENCE.als,, SAT
three_2w_TB_0_12_SCOPE_BLOCK_FENCE_SCOPE_DEVICE_ALL_FENCE.als,, SAT
three_2w_TB_01_2_SCOPE_BLOCK_FENCE_SCOPE_DEVICE_ALL_FENCE.als,, SAT
three_2w_TB_012_SCOPE_BLOCK_FENCE_SCOPE_DEVICE_ALL_FENCE.als,, SAT
three_2w_TB_0_1_2_SCOPE_BLOCK_FENCE_SCOPE_DEVICE_FENCE_01.als,, SAT
three_2w_TB_0_12_SCOPE_BLOCK_FENCE_SCOPE_DEVICE_FENCE_01.als,, SAT
three_2w_TB_01_2_SCOPE_BLOCK_FENCE_SCOPE_DEVICE_FENCE_01.als,, SAT
three_2w_TB_012_SCOPE_BLOCK_FENCE_SCOPE_DEVICE_FENCE_01.als,, SAT
three_2w_TB_0_1_2_SCOPE_BLOCK_FENCE_SCOPE_DEVICE_FENCE_02.als,, SAT
three_2w_TB_0_12_SCOPE_BLOCK_FENCE_SCOPE_DEVICE_FENCE_02.als,, SAT
three_2w_TB_01_2_SCOPE_BLOCK_FENCE_SCOPE_DEVICE_FENCE_02.als,, SAT
three_2w_TB_012_SCOPE_BLOCK_FENCE_SCOPE_DEVICE_FENCE_02.als,, SAT
three_2w_TB_0_1_2_SCOPE_BLOCK_FENCE_SCOPE_DEVICE_FENCE_0.als,, SAT
three_2w_TB_0_12_SCOPE_BLOCK_FENCE_SCOPE_DEVICE_FENCE_0.als,, SAT
three_2w_TB_01_2_SCOPE_BLOCK_FENCE_SCOPE_DEVICE_FENCE_0.als,, SAT
three_2w_TB_012_SCOPE_BLOCK_FENCE_SCOPE_DEVICE_FENCE_0.als,, SAT
three_2w_TB_0_1_2_SCOPE_BLOCK_FENCE_SCOPE_DEVICE_FENCE_12.als,, SAT
three_2w_TB_0_12_SCOPE_BLOCK_FENCE_SCOPE_DEVICE_FENCE_12.als,, SAT
three_2w_TB_01_2_SCOPE_BLOCK_FENCE_SCOPE_DEVICE_FENCE_12.als,, SAT
three_2w_TB_012_SCOPE_BLOCK_FENCE_SCOPE_DEVICE_FENCE_12.als,, SAT
three_2w_TB_0_1_2_SCOPE_BLOCK_FENCE_SCOPE_DEVICE_FENCE_1.als,, SAT
three_2w_TB_0_12_SCOPE_BLOCK_FENCE_SCOPE_DEVICE_FENCE_1.als,, SAT
three_2w_TB_01_2_SCOPE_BLOCK_FENCE_SCOPE_DEVICE_FENCE_1.als,, SAT
three_2w_TB_012_SCOPE_BLOCK_FENCE_SCOPE_DEVICE_FENCE_1.als,, SAT
three_2w_TB_0_1_2_SCOPE_BLOCK_FENCE_SCOPE_DEVICE_FENCE_2.als,, SAT
three_2w_TB_0_12_SCOPE_BLOCK_FENCE_SCOPE_DEVICE_FENCE_2.als,, SAT
three_2w_TB_01_2_SCOPE_BLOCK_FENCE_SCOPE_DEVICE_FENCE_2.als,, SAT
three_2w_TB_012_SCOPE_BLOCK_FENCE_SCOPE_DEVICE_FENCE_2.als,, SAT
three_2w_TB_0_1_2_SCOPE_BLOCK_NO_FENCE_RELAXED.als,, SAT
three_2w_TB_0_12_SCOPE_BLOCK_NO_FENCE_RELAXED.als,, SAT
three_2w_TB_01_2_SCOPE_BLOCK_NO_FENCE_RELAXED.als,, SAT
three_2w_TB_012_SCOPE_BLOCK_NO_FENCE_RELAXED.als,, SAT
three_2w_TB_0_1_2_SCOPE_BLOCK_NO_FENCE_RELEASE.als,, SAT
three_2w_TB_0_12_SCOPE_BLOCK_NO_FENCE_RELEASE.als,, SAT
three_2w_TB_01_2_SCOPE_BLOCK_NO_FENCE_RELEASE.als,, SAT
three_2w_TB_012_SCOPE_BLOCK_NO_FENCE_RELEASE.als,, SAT
three_2w_TB_0_1_2_SCOPE_DEVICE_FENCE_SCOPE_BLOCK_ALL_FENCE.als,, SAT
three_2w_TB_0_12_SCOPE_DEVICE_FENCE_SCOPE_BLOCK_ALL_FENCE.als,, SAT
three_2w_TB_01_2_SCOPE_DEVICE_FENCE_SCOPE_BLOCK_ALL_FENCE.als,, SAT
three_2w_TB_012_SCOPE_DEVICE_FENCE_SCOPE_BLOCK_ALL_FENCE.als,, SAT
three_2w_TB_0_1_2_SCOPE_DEVICE_FENCE_SCOPE_BLOCK_FENCE_01.als,, SAT
three_2w_TB_0_12_SCOPE_DEVICE_FENCE_SCOPE_BLOCK_FENCE_01.als,, SAT
three_2w_TB_01_2_SCOPE_DEVICE_FENCE_SCOPE_BLOCK_FENCE_01.als,, SAT
three_2w_TB_012_SCOPE_DEVICE_FENCE_SCOPE_BLOCK_FENCE_01.als,, SAT
three_2w_TB_0_1_2_SCOPE_DEVICE_FENCE_SCOPE_BLOCK_FENCE_02.als,, SAT
three_2w_TB_0_12_SCOPE_DEVICE_FENCE_SCOPE_BLOCK_FENCE_02.als,, SAT
three_2w_TB_01_2_SCOPE_DEVICE_FENCE_SCOPE_BLOCK_FENCE_02.als,, SAT
three_2w_TB_012_SCOPE_DEVICE_FENCE_SCOPE_BLOCK_FENCE_02.als,, SAT
three_2w_TB_0_1_2_SCOPE_DEVICE_FENCE_SCOPE_BLOCK_FENCE_0.als,, SAT
three_2w_TB_0_12_SCOPE_DEVICE_FENCE_SCOPE_BLOCK_FENCE_0.als,, SAT
three_2w_TB_01_2_SCOPE_DEVICE_FENCE_SCOPE_BLOCK_FENCE_0.als,, SAT
three_2w_TB_012_SCOPE_DEVICE_FENCE_SCOPE_BLOCK_FENCE_0.als,, SAT
three_2w_TB_0_1_2_SCOPE_DEVICE_FENCE_SCOPE_BLOCK_FENCE_12.als,, SAT
three_2w_TB_0_12_SCOPE_DEVICE_FENCE_SCOPE_BLOCK_FENCE_12.als,, SAT
three_2w_TB_01_2_SCOPE_DEVICE_FENCE_SCOPE_BLOCK_FENCE_12.als,, SAT
three_2w_TB_012_SCOPE_DEVICE_FENCE_SCOPE_BLOCK_FENCE_12.als,, SAT
three_2w_TB_0_1_2_SCOPE_DEVICE_FENCE_SCOPE_BLOCK_FENCE_1.als,, SAT
three_2w_TB_0_12_SCOPE_DEVICE_FENCE_SCOPE_BLOCK_FENCE_1.als,, SAT
three_2w_TB_01_2_SCOPE_DEVICE_FENCE_SCOPE_BLOCK_FENCE_1.als,, SAT
three_2w_TB_012_SCOPE_DEVICE_FENCE_SCOPE_BLOCK_FENCE_1.als,, SAT
three_2w_TB_0_1_2_SCOPE_DEVICE_FENCE_SCOPE_BLOCK_FENCE_2.als,, SAT
three_2w_TB_0_12_SCOPE_DEVICE_FENCE_SCOPE_BLOCK_FENCE_2.als,, SAT
three_2w_TB_01_2_SCOPE_DEVICE_FENCE_SCOPE_BLOCK_FENCE_2.als,, SAT
three_2w_TB_012_SCOPE_DEVICE_FENCE_SCOPE_BLOCK_FENCE_2.als,, SAT
three_2w_TB_0_1_2_SCOPE_DEVICE_FENCE_SCOPE_DEVICE_ALL_FENCE.als,, SAT
three_2w_TB_0_12_SCOPE_DEVICE_FENCE_SCOPE_DEVICE_ALL_FENCE.als,, SAT
three_2w_TB_01_2_SCOPE_DEVICE_FENCE_SCOPE_DEVICE_ALL_FENCE.als,, SAT
three_2w_TB_012_SCOPE_DEVICE_FENCE_SCOPE_DEVICE_ALL_FENCE.als,, SAT
three_2w_TB_0_1_2_SCOPE_DEVICE_FENCE_SCOPE_DEVICE_FENCE_01.als,, SAT
three_2w_TB_0_12_SCOPE_DEVICE_FENCE_SCOPE_DEVICE_FENCE_01.als,, SAT
three_2w_TB_01_2_SCOPE_DEVICE_FENCE_SCOPE_DEVICE_FENCE_01.als,, SAT
three_2w_TB_012_SCOPE_DEVICE_FENCE_SCOPE_DEVICE_FENCE_01.als,, SAT
three_2w_TB_0_1_2_SCOPE_DEVICE_FENCE_SCOPE_DEVICE_FENCE_02.als,, SAT
three_2w_TB_0_12_SCOPE_DEVICE_FENCE_SCOPE_DEVICE_FENCE_02.als,, SAT
three_2w_TB_01_2_SCOPE_DEVICE_FENCE_SCOPE_DEVICE_FENCE_02.als,, SAT
three_2w_TB_012_SCOPE_DEVICE_FENCE_SCOPE_DEVICE_FENCE_02.als,, SAT
three_2w_TB_0_1_2_SCOPE_DEVICE_FENCE_SCOPE_DEVICE_FENCE_0.als,, SAT
three_2w_TB_0_12_SCOPE_DEVICE_FENCE_SCOPE_DEVICE_FENCE_0.als,, SAT
three_2w_TB_01_2_SCOPE_DEVICE_FENCE_SCOPE_DEVICE_FENCE_0.als,, SAT
three_2w_TB_012_SCOPE_DEVICE_FENCE_SCOPE_DEVICE_FENCE_0.als,, SAT
three_2w_TB_0_1_2_SCOPE_DEVICE_FENCE_SCOPE_DEVICE_FENCE_12.als,, SAT
three_2w_TB_0_12_SCOPE_DEVICE_FENCE_SCOPE_DEVICE_FENCE_12.als,, SAT
three_2w_TB_01_2_SCOPE_DEVICE_FENCE_SCOPE_DEVICE_FENCE_12.als,, SAT
three_2w_TB_012_SCOPE_DEVICE_FENCE_SCOPE_DEVICE_FENCE_12.als,, SAT
three_2w_TB_0_1_2_SCOPE_DEVICE_FENCE_SCOPE_DEVICE_FENCE_1.als,, SAT
three_2w_TB_0_12_SCOPE_DEVICE_FENCE_SCOPE_DEVICE_FENCE_1.als,, SAT
three_2w_TB_01_2_SCOPE_DEVICE_FENCE_SCOPE_DEVICE_FENCE_1.als,, SAT
three_2w_TB_012_SCOPE_DEVICE_FENCE_SCOPE_DEVICE_FENCE_1.als,, SAT
three_2w_TB_0_1_2_SCOPE_DEVICE_FENCE_SCOPE_DEVICE_FENCE_2.als,, SAT
three_2w_TB_0_12_SCOPE_DEVICE_FENCE_SCOPE_DEVICE_FENCE_2.als,, SAT
three_2w_TB_01_2_SCOPE_DEVICE_FENCE_SCOPE_DEVICE_FENCE_2.als,, SAT
three_2w_TB_012_SCOPE_DEVICE_FENCE_SCOPE_DEVICE_FENCE_2.als,, SAT
three_2w_TB_0_1_2_SCOPE_DEVICE_NO_FENCE_RELAXED.als,, SAT
three_2w_TB_0_12_SCOPE_DEVICE_NO_FENCE_RELAXED.als,, SAT
three_2w_TB_01_2_SCOPE_DEVICE_NO_FENCE_RELAXED.als,, SAT
three_2w_TB_012_SCOPE_DEVICE_NO_FENCE_RELAXED.als,, SAT
three_2w_TB_0_1_2_SCOPE_DEVICE_NO_FENCE_RELEASE.als,, SAT
three_2w_TB_0_12_SCOPE_DEVICE_NO_FENCE_RELEASE.als,, SAT
three_2w_TB_01_2_SCOPE_DEVICE_NO_FENCE_RELEASE.als,, SAT
three_2w_TB_012_SCOPE_DEVICE_NO_FENCE_RELEASE.als,, SAT
three_2w_TB_1_02_SCOPE_BLOCK_FENCE_SCOPE_BLOCK_ALL_FENCE.als,, SAT
three_2w_TB_1_02_SCOPE_BLOCK_FENCE_SCOPE_BLOCK_FENCE_01.als,, SAT
three_2w_TB_1_02_SCOPE_BLOCK_FENCE_SCOPE_BLOCK_FENCE_02.als,, SAT
three_2w_TB_1_02_SCOPE_BLOCK_FENCE_SCOPE_BLOCK_FENCE_0.als,, SAT
three_2w_TB_1_02_SCOPE_BLOCK_FENCE_SCOPE_BLOCK_FENCE_12.als,, SAT
three_2w_TB_1_02_SCOPE_BLOCK_FENCE_SCOPE_BLOCK_FENCE_1.als,, SAT
three_2w_TB_1_02_SCOPE_BLOCK_FENCE_SCOPE_BLOCK_FENCE_2.als,, SAT
three_2w_TB_1_02_SCOPE_BLOCK_FENCE_SCOPE_DEVICE_ALL_FENCE.als,, SAT
three_2w_TB_1_02_SCOPE_BLOCK_FENCE_SCOPE_DEVICE_FENCE_01.als,, SAT
three_2w_TB_1_02_SCOPE_BLOCK_FENCE_SCOPE_DEVICE_FENCE_02.als,, SAT
three_2w_TB_1_02_SCOPE_BLOCK_FENCE_SCOPE_DEVICE_FENCE_0.als,, SAT
three_2w_TB_1_02_SCOPE_BLOCK_FENCE_SCOPE_DEVICE_FENCE_12.als,, SAT
three_2w_TB_1_02_SCOPE_BLOCK_FENCE_SCOPE_DEVICE_FENCE_1.als,, SAT
three_2w_TB_1_02_SCOPE_BLOCK_FENCE_SCOPE_DEVICE_FENCE_2.als,, SAT
three_2w_TB_1_02_SCOPE_BLOCK_NO_FENCE_RELAXED.als,, SAT
three_2w_TB_1_02_SCOPE_BLOCK_NO_FENCE_RELEASE.als,, SAT
three_2w_TB_1_02_SCOPE_DEVICE_FENCE_SCOPE_BLOCK_ALL_FENCE.als,, SAT
three_2w_TB_1_02_SCOPE_DEVICE_FENCE_SCOPE_BLOCK_FENCE_01.als,, SAT
three_2w_TB_1_02_SCOPE_DEVICE_FENCE_SCOPE_BLOCK_FENCE_02.als,, SAT
three_2w_TB_1_02_SCOPE_DEVICE_FENCE_SCOPE_BLOCK_FENCE_0.als,, SAT
three_2w_TB_1_02_SCOPE_DEVICE_FENCE_SCOPE_BLOCK_FENCE_12.als,, SAT
three_2w_TB_1_02_SCOPE_DEVICE_FENCE_SCOPE_BLOCK_FENCE_1.als,, SAT
three_2w_TB_1_02_SCOPE_DEVICE_FENCE_SCOPE_BLOCK_FENCE_2.als,, SAT
three_2w_TB_1_02_SCOPE_DEVICE_FENCE_SCOPE_DEVICE_ALL_FENCE.als,, SAT
three_2w_TB_1_02_SCOPE_DEVICE_FENCE_SCOPE_DEVICE_FENCE_01.als,, SAT
three_2w_TB_1_02_SCOPE_DEVICE_FENCE_SCOPE_DEVICE_FENCE_02.als,, SAT
three_2w_TB_1_02_SCOPE_DEVICE_FENCE_SCOPE_DEVICE_FENCE_0.als,, SAT
three_2w_TB_1_02_SCOPE_DEVICE_FENCE_SCOPE_DEVICE_FENCE_12.als,, SAT
three_2w_TB_1_02_SCOPE_DEVICE_FENCE_SCOPE_DEVICE_FENCE_1.als,, SAT
three_2w_TB_1_02_SCOPE_DEVICE_FENCE_SCOPE_DEVICE_FENCE_2.als,, SAT
three_2w_TB_1_02_SCOPE_DEVICE_NO_FENCE_RELAXED.als,, SAT
three_2w_TB_1_02_SCOPE_DEVICE_NO_FENCE_RELEASE.als,, SAT
two_2w_TB_0_1_SCOPE_BLOCK_FENCE_SCOPE_BLOCK_BOTH_FENCE.als,, SAT
two_2w_TB_01_SCOPE_BLOCK_FENCE_SCOPE_BLOCK_BOTH_FENCE.als,, SAT
two_2w_TB_0_1_SCOPE_BLOCK_FENCE_SCOPE_BLOCK_FENCE_0.als,, SAT
two_2w_TB_01_SCOPE_BLOCK_FENCE_SCOPE_BLOCK_FENCE_0.als,, SAT
two_2w_TB_0_1_SCOPE_BLOCK_FENCE_SCOPE_BLOCK_FENCE_1.als,, SAT
two_2w_TB_01_SCOPE_BLOCK_FENCE_SCOPE_BLOCK_FENCE_1.als,, SAT
two_2w_TB_0_1_SCOPE_BLOCK_FENCE_SCOPE_DEVICE_BOTH_FENCE.als,, SAT
two_2w_TB_01_SCOPE_BLOCK_FENCE_SCOPE_DEVICE_BOTH_FENCE.als,, SAT
two_2w_TB_0_1_SCOPE_BLOCK_FENCE_SCOPE_DEVICE_FENCE_0.als,, SAT
two_2w_TB_01_SCOPE_BLOCK_FENCE_SCOPE_DEVICE_FENCE_0.als,, SAT
two_2w_TB_0_1_SCOPE_BLOCK_FENCE_SCOPE_DEVICE_FENCE_1.als,, SAT
two_2w_TB_01_SCOPE_BLOCK_FENCE_SCOPE_DEVICE_FENCE_1.als,, SAT
two_2w_TB_0_1_SCOPE_BLOCK_NO_FENCE_RELAXED.als,, SAT
two_2w_TB_01_SCOPE_BLOCK_NO_FENCE_RELAXED.als,, SAT
two_2w_TB_0_1_SCOPE_BLOCK_NO_FENCE_RELEASE.als,, SAT
two_2w_TB_01_SCOPE_BLOCK_NO_FENCE_RELEASE.als,, SAT
two_2w_TB_0_1_SCOPE_DEVICE_FENCE_SCOPE_BLOCK_BOTH_FENCE.als,, SAT
two_2w_TB_01_SCOPE_DEVICE_FENCE_SCOPE_BLOCK_BOTH_FENCE.als,, SAT
two_2w_TB_0_1_SCOPE_DEVICE_FENCE_SCOPE_BLOCK_FENCE_0.als,, SAT
two_2w_TB_01_SCOPE_DEVICE_FENCE_SCOPE_BLOCK_FENCE_0.als,, SAT
two_2w_TB_0_1_SCOPE_DEVICE_FENCE_SCOPE_BLOCK_FENCE_1.als,, SAT
two_2w_TB_01_SCOPE_DEVICE_FENCE_SCOPE_BLOCK_FENCE_1.als,, SAT
two_2w_TB_0_1_SCOPE_DEVICE_FENCE_SCOPE_DEVICE_BOTH_FENCE.als,, SAT
two_2w_TB_01_SCOPE_DEVICE_FENCE_SCOPE_DEVICE_BOTH_FENCE.als,, SAT
two_2w_TB_0_1_SCOPE_DEVICE_FENCE_SCOPE_DEVICE_FENCE_0.als,, SAT
two_2w_TB_01_SCOPE_DEVICE_FENCE_SCOPE_DEVICE_FENCE_0.als,, SAT
two_2w_TB_0_1_SCOPE_DEVICE_FENCE_SCOPE_DEVICE_FENCE_1.als,, SAT
two_2w_TB_01_SCOPE_DEVICE_FENCE_SCOPE_DEVICE_FENCE_1.als,, SAT
two_2w_TB_0_1_SCOPE_DEVICE_NO_FENCE_RELAXED.als,, SAT
two_2w_TB_01_SCOPE_DEVICE_NO_FENCE_RELAXED.als,, SAT
two_2w_TB_0_1_SCOPE_DEVICE_NO_FENCE_RELEASE.als,, SAT
two_2w_TB_01_SCOPE_DEVICE_NO_FENCE_RELEASE.als,, SAT
wrc_TB_0_1_2_SCOPE_BLOCK_FENCE_SCOPE_BLOCK_BOTH_FENCE.als,, SAT
wrc_TB_0_12_SCOPE_BLOCK_FENCE_SCOPE_BLOCK_BOTH_FENCE.als,, SAT
wrc_TB_01_2_SCOPE_BLOCK_FENCE_SCOPE_BLOCK_BOTH_FENCE.als,, SAT
wrc_TB_012_SCOPE_BLOCK_FENCE_SCOPE_BLOCK_BOTH_FENCE.als,,UNSAT
wrc_TB_0_1_2_SCOPE_BLOCK_FENCE_SCOPE_BLOCK_THREAD_1_FENCE.als,, SAT
wrc_TB_0_12_SCOPE_BLOCK_FENCE_SCOPE_BLOCK_THREAD_1_FENCE.als,, SAT
wrc_TB_01_2_SCOPE_BLOCK_FENCE_SCOPE_BLOCK_THREAD_1_FENCE.als,, SAT
wrc_TB_012_SCOPE_BLOCK_FENCE_SCOPE_BLOCK_THREAD_1_FENCE.als,,UNSAT
wrc_TB_0_1_2_SCOPE_BLOCK_FENCE_SCOPE_BLOCK_THREAD_2_FENCE_ACQ.als,, SAT
wrc_TB_0_12_SCOPE_BLOCK_FENCE_SCOPE_BLOCK_THREAD_2_FENCE_ACQ.als,, SAT
wrc_TB_01_2_SCOPE_BLOCK_FENCE_SCOPE_BLOCK_THREAD_2_FENCE_ACQ.als,, SAT
wrc_TB_012_SCOPE_BLOCK_FENCE_SCOPE_BLOCK_THREAD_2_FENCE_ACQ.als,, SAT
wrc_TB_0_1_2_SCOPE_BLOCK_FENCE_SCOPE_BLOCK_THREAD_2_FENCE_REL.als,, SAT
wrc_TB_0_12_SCOPE_BLOCK_FENCE_SCOPE_BLOCK_THREAD_2_FENCE_REL.als,, SAT
wrc_TB_01_2_SCOPE_BLOCK_FENCE_SCOPE_BLOCK_THREAD_2_FENCE_REL.als,, SAT
wrc_TB_012_SCOPE_BLOCK_FENCE_SCOPE_BLOCK_THREAD_2_FENCE_REL.als,,UNSAT
wrc_TB_0_1_2_SCOPE_BLOCK_FENCE_SCOPE_DEVICE_BOTH_FENCE.als,, SAT
wrc_TB_0_12_SCOPE_BLOCK_FENCE_SCOPE_DEVICE_BOTH_FENCE.als,, SAT
wrc_TB_01_2_SCOPE_BLOCK_FENCE_SCOPE_DEVICE_BOTH_FENCE.als,, SAT
wrc_TB_012_SCOPE_BLOCK_FENCE_SCOPE_DEVICE_BOTH_FENCE.als,,UNSAT
wrc_TB_0_1_2_SCOPE_BLOCK_FENCE_SCOPE_DEVICE_THREAD_1_FENCE.als,, SAT
wrc_TB_0_12_SCOPE_BLOCK_FENCE_SCOPE_DEVICE_THREAD_1_FENCE.als,, SAT
wrc_TB_01_2_SCOPE_BLOCK_FENCE_SCOPE_DEVICE_THREAD_1_FENCE.als,, SAT
wrc_TB_012_SCOPE_BLOCK_FENCE_SCOPE_DEVICE_THREAD_1_FENCE.als,,UNSAT
wrc_TB_0_1_2_SCOPE_BLOCK_FENCE_SCOPE_DEVICE_THREAD_2_FENCE_ACQ.als,, SAT
wrc_TB_0_12_SCOPE_BLOCK_FENCE_SCOPE_DEVICE_THREAD_2_FENCE_ACQ.als,, SAT
wrc_TB_01_2_SCOPE_BLOCK_FENCE_SCOPE_DEVICE_THREAD_2_FENCE_ACQ.als,, SAT
wrc_TB_012_SCOPE_BLOCK_FENCE_SCOPE_DEVICE_THREAD_2_FENCE_ACQ.als,, SAT
wrc_TB_0_1_2_SCOPE_BLOCK_FENCE_SCOPE_DEVICE_THREAD_2_FENCE_REL.als,, SAT
wrc_TB_0_12_SCOPE_BLOCK_FENCE_SCOPE_DEVICE_THREAD_2_FENCE_REL.als,, SAT
wrc_TB_01_2_SCOPE_BLOCK_FENCE_SCOPE_DEVICE_THREAD_2_FENCE_REL.als,, SAT
wrc_TB_012_SCOPE_BLOCK_FENCE_SCOPE_DEVICE_THREAD_2_FENCE_REL.als,,UNSAT
wrc_TB_0_1_2_SCOPE_BLOCK_NO_FENCE_ACQUIRE.als,, SAT
wrc_TB_0_12_SCOPE_BLOCK_NO_FENCE_ACQUIRE.als,, SAT
wrc_TB_01_2_SCOPE_BLOCK_NO_FENCE_ACQUIRE.als,, SAT
wrc_TB_012_SCOPE_BLOCK_NO_FENCE_ACQUIRE.als,, SAT
wrc_TB_0_1_2_SCOPE_BLOCK_NO_FENCE_RELAXED.als,, SAT
wrc_TB_0_12_SCOPE_BLOCK_NO_FENCE_RELAXED.als,, SAT
wrc_TB_01_2_SCOPE_BLOCK_NO_FENCE_RELAXED.als,, SAT
wrc_TB_012_SCOPE_BLOCK_NO_FENCE_RELAXED.als,, SAT
wrc_TB_0_1_2_SCOPE_BLOCK_NO_FENCE_RELEASE.als,, SAT
wrc_TB_0_12_SCOPE_BLOCK_NO_FENCE_RELEASE.als,, SAT
wrc_TB_01_2_SCOPE_BLOCK_NO_FENCE_RELEASE.als,, SAT
wrc_TB_012_SCOPE_BLOCK_NO_FENCE_RELEASE.als,,UNSAT
wrc_TB_0_1_2_SCOPE_DEVICE_FENCE_SCOPE_BLOCK_BOTH_FENCE.als,, SAT
wrc_TB_0_12_SCOPE_DEVICE_FENCE_SCOPE_BLOCK_BOTH_FENCE.als,,UNSAT
wrc_TB_01_2_SCOPE_DEVICE_FENCE_SCOPE_BLOCK_BOTH_FENCE.als,, SAT
wrc_TB_012_SCOPE_DEVICE_FENCE_SCOPE_BLOCK_BOTH_FENCE.als,,UNSAT
wrc_TB_0_1_2_SCOPE_DEVICE_FENCE_SCOPE_BLOCK_THREAD_1_FENCE.als,, SAT
wrc_TB_0_12_SCOPE_DEVICE_FENCE_SCOPE_BLOCK_THREAD_1_FENCE.als,,UNSAT
wrc_TB_01_2_SCOPE_DEVICE_FENCE_SCOPE_BLOCK_THREAD_1_FENCE.als,, SAT
wrc_TB_012_SCOPE_DEVICE_FENCE_SCOPE_BLOCK_THREAD_1_FENCE.als,,UNSAT
wrc_TB_0_1_2_SCOPE_DEVICE_FENCE_SCOPE_BLOCK_THREAD_2_FENCE_ACQ.als,, SAT
wrc_TB_0_12_SCOPE_DEVICE_FENCE_SCOPE_BLOCK_THREAD_2_FENCE_ACQ.als,, SAT
wrc_TB_01_2_SCOPE_DEVICE_FENCE_SCOPE_BLOCK_THREAD_2_FENCE_ACQ.als,, SAT
wrc_TB_012_SCOPE_DEVICE_FENCE_SCOPE_BLOCK_THREAD_2_FENCE_ACQ.als,, SAT
wrc_TB_0_1_2_SCOPE_DEVICE_FENCE_SCOPE_BLOCK_THREAD_2_FENCE_REL.als,, SAT
wrc_TB_0_12_SCOPE_DEVICE_FENCE_SCOPE_BLOCK_THREAD_2_FENCE_REL.als,,UNSAT
wrc_TB_01_2_SCOPE_DEVICE_FENCE_SCOPE_BLOCK_THREAD_2_FENCE_REL.als,, SAT
wrc_TB_012_SCOPE_DEVICE_FENCE_SCOPE_BLOCK_THREAD_2_FENCE_REL.als,,UNSAT
wrc_TB_0_1_2_SCOPE_DEVICE_FENCE_SCOPE_DEVICE_BOTH_FENCE.als,,UNSAT
wrc_TB_0_12_SCOPE_DEVICE_FENCE_SCOPE_DEVICE_BOTH_FENCE.als,,UNSAT
wrc_TB_01_2_SCOPE_DEVICE_FENCE_SCOPE_DEVICE_BOTH_FENCE.als,,UNSAT
wrc_TB_012_SCOPE_DEVICE_FENCE_SCOPE_DEVICE_BOTH_FENCE.als,,UNSAT
wrc_TB_0_1_2_SCOPE_DEVICE_FENCE_SCOPE_DEVICE_THREAD_1_FENCE.als,,UNSAT
wrc_TB_0_12_SCOPE_DEVICE_FENCE_SCOPE_DEVICE_THREAD_1_FENCE.als,,UNSAT
wrc_TB_01_2_SCOPE_DEVICE_FENCE_SCOPE_DEVICE_THREAD_1_FENCE.als,,UNSAT
wrc_TB_012_SCOPE_DEVICE_FENCE_SCOPE_DEVICE_THREAD_1_FENCE.als,,UNSAT
wrc_TB_0_1_2_SCOPE_DEVICE_FENCE_SCOPE_DEVICE_THREAD_2_FENCE_ACQ.als,, SAT
wrc_TB_0_12_SCOPE_DEVICE_FENCE_SCOPE_DEVICE_THREAD_2_FENCE_ACQ.als,, SAT
wrc_TB_01_2_SCOPE_DEVICE_FENCE_SCOPE_DEVICE_THREAD_2_FENCE_ACQ.als,, SAT
wrc_TB_012_SCOPE_DEVICE_FENCE_SCOPE_DEVICE_THREAD_2_FENCE_ACQ.als,, SAT
wrc_TB_0_1_2_SCOPE_DEVICE_FENCE_SCOPE_DEVICE_THREAD_2_FENCE_REL.als,,UNSAT
wrc_TB_0_12_SCOPE_DEVICE_FENCE_SCOPE_DEVICE_THREAD_2_FENCE_REL.als,,UNSAT
wrc_TB_01_2_SCOPE_DEVICE_FENCE_SCOPE_DEVICE_THREAD_2_FENCE_REL.als,,UNSAT
wrc_TB_012_SCOPE_DEVICE_FENCE_SCOPE_DEVICE_THREAD_2_FENCE_REL.als,,UNSAT
wrc_TB_0_1_2_SCOPE_DEVICE_NO_FENCE_ACQUIRE.als,, SAT
wrc_TB_0_12_SCOPE_DEVICE_NO_FENCE_ACQUIRE.als,, SAT
wrc_TB_01_2_SCOPE_DEVICE_NO_FENCE_ACQUIRE.als,, SAT
wrc_TB_012_SCOPE_DEVICE_NO_FENCE_ACQUIRE.als,, SAT
wrc_TB_0_1_2_SCOPE_DEVICE_NO_FENCE_RELAXED.als,, SAT
wrc_TB_0_12_SCOPE_DEVICE_NO_FENCE_RELAXED.als,, SAT
wrc_TB_01_2_SCOPE_DEVICE_NO_FENCE_RELAXED.als,, SAT
wrc_TB_012_SCOPE_DEVICE_NO_FENCE_RELAXED.als,, SAT
wrc_TB_0_1_2_SCOPE_DEVICE_NO_FENCE_RELEASE.als,,UNSAT
wrc_TB_0_12_SCOPE_DEVICE_NO_FENCE_RELEASE.als,,UNSAT
wrc_TB_01_2_SCOPE_DEVICE_NO_FENCE_RELEASE.als,,UNSAT
wrc_TB_012_SCOPE_DEVICE_NO_FENCE_RELEASE.als,,UNSAT
wrc_TB_1_02_SCOPE_BLOCK_FENCE_SCOPE_BLOCK_BOTH_FENCE.als,, SAT
wrc_TB_1_02_SCOPE_BLOCK_FENCE_SCOPE_BLOCK_THREAD_1_FENCE.als,, SAT
wrc_TB_1_02_SCOPE_BLOCK_FENCE_SCOPE_BLOCK_THREAD_2_FENCE_ACQ.als,, SAT
wrc_TB_1_02_SCOPE_BLOCK_FENCE_SCOPE_BLOCK_THREAD_2_FENCE_REL.als,, SAT
wrc_TB_1_02_SCOPE_BLOCK_FENCE_SCOPE_DEVICE_BOTH_FENCE.als,, SAT
wrc_TB_1_02_SCOPE_BLOCK_FENCE_SCOPE_DEVICE_THREAD_1_FENCE.als,, SAT
wrc_TB_1_02_SCOPE_BLOCK_FENCE_SCOPE_DEVICE_THREAD_2_FENCE_ACQ.als,, SAT
wrc_TB_1_02_SCOPE_BLOCK_FENCE_SCOPE_DEVICE_THREAD_2_FENCE_REL.als,, SAT
wrc_TB_1_02_SCOPE_BLOCK_NO_FENCE_ACQUIRE.als,, SAT
wrc_TB_1_02_SCOPE_BLOCK_NO_FENCE_RELAXED.als,, SAT
wrc_TB_1_02_SCOPE_BLOCK_NO_FENCE_RELEASE.als,, SAT
wrc_TB_1_02_SCOPE_DEVICE_FENCE_SCOPE_BLOCK_BOTH_FENCE.als,, SAT
wrc_TB_1_02_SCOPE_DEVICE_FENCE_SCOPE_BLOCK_THREAD_1_FENCE.als,, SAT
wrc_TB_1_02_SCOPE_DEVICE_FENCE_SCOPE_BLOCK_THREAD_2_FENCE_ACQ.als,, SAT
wrc_TB_1_02_SCOPE_DEVICE_FENCE_SCOPE_BLOCK_THREAD_2_FENCE_REL.als,, SAT
wrc_TB_1_02_SCOPE_DEVICE_FENCE_SCOPE_DEVICE_BOTH_FENCE.als,,UNSAT
wrc_TB_1_02_SCOPE_DEVICE_FENCE_SCOPE_DEVICE_THREAD_1_FENCE.als,,UNSAT
wrc_TB_1_02_SCOPE_DEVICE_FENCE_SCOPE_DEVICE_THREAD_2_FENCE_ACQ.als,, SAT
wrc_TB_1_02_SCOPE_DEVICE_FENCE_SCOPE_DEVICE_THREAD_2_FENCE_REL.als,,UNSAT
wrc_TB_1_02_SCOPE_DEVICE_NO_FENCE_ACQUIRE.als,, SAT
wrc_TB_1_02_SCOPE_DEVICE_NO_FENCE_RELAXED.als,, SAT
wrc_TB_1_02_SCOPE_DEVICE_NO_FENCE_RELEASE.als,,UNSAT
wrw_2w_TB_0_1_2_SCOPE_BLOCK_FENCE_SCOPE_BLOCK_BOTH_FENCE.als,, SAT
wrw_2w_TB_0_12_SCOPE_BLOCK_FENCE_SCOPE_BLOCK_BOTH_FENCE.als,, SAT
wrw_2w_TB_01_2_SCOPE_BLOCK_FENCE_SCOPE_BLOCK_BOTH_FENCE.als,, SAT
wrw_2w_TB_012_SCOPE_BLOCK_FENCE_SCOPE_BLOCK_BOTH_FENCE.als,, SAT
wrw_2w_TB_0_1_2_SCOPE_BLOCK_FENCE_SCOPE_BLOCK_THREAD_1_FENCE.als,, SAT
wrw_2w_TB_0_12_SCOPE_BLOCK_FENCE_SCOPE_BLOCK_THREAD_1_FENCE.als,, SAT
wrw_2w_TB_01_2_SCOPE_BLOCK_FENCE_SCOPE_BLOCK_THREAD_1_FENCE.als,, SAT
wrw_2w_TB_012_SCOPE_BLOCK_FENCE_SCOPE_BLOCK_THREAD_1_FENCE.als,, SAT
wrw_2w_TB_0_1_2_SCOPE_BLOCK_FENCE_SCOPE_BLOCK_THREAD_2_FENCE_ACQ.als,, SAT
wrw_2w_TB_0_12_SCOPE_BLOCK_FENCE_SCOPE_BLOCK_THREAD_2_FENCE_ACQ.als,, SAT
wrw_2w_TB_01_2_SCOPE_BLOCK_FENCE_SCOPE_BLOCK_THREAD_2_FENCE_ACQ.als,, SAT
wrw_2w_TB_012_SCOPE_BLOCK_FENCE_SCOPE_BLOCK_THREAD_2_FENCE_ACQ.als,, SAT
wrw_2w_TB_0_1_2_SCOPE_BLOCK_FENCE_SCOPE_BLOCK_THREAD_2_FENCE_REL.als,, SAT
wrw_2w_TB_0_12_SCOPE_BLOCK_FENCE_SCOPE_BLOCK_THREAD_2_FENCE_REL.als,, SAT
wrw_2w_TB_01_2_SCOPE_BLOCK_FENCE_SCOPE_BLOCK_THREAD_2_FENCE_REL.als,, SAT
wrw_2w_TB_012_SCOPE_BLOCK_FENCE_SCOPE_BLOCK_THREAD_2_FENCE_REL.als,, SAT
wrw_2w_TB_0_1_2_SCOPE_BLOCK_FENCE_SCOPE_DEVICE_BOTH_FENCE.als,, SAT
wrw_2w_TB_0_12_SCOPE_BLOCK_FENCE_SCOPE_DEVICE_BOTH_FENCE.als,, SAT
wrw_2w_TB_01_2_SCOPE_BLOCK_FENCE_SCOPE_DEVICE_BOTH_FENCE.als,, SAT
wrw_2w_TB_012_SCOPE_BLOCK_FENCE_SCOPE_DEVICE_BOTH_FENCE.als,, SAT
wrw_2w_TB_0_1_2_SCOPE_BLOCK_FENCE_SCOPE_DEVICE_THREAD_1_FENCE.als,, SAT
wrw_2w_TB_0_12_SCOPE_BLOCK_FENCE_SCOPE_DEVICE_THREAD_1_FENCE.als,, SAT
wrw_2w_TB_01_2_SCOPE_BLOCK_FENCE_SCOPE_DEVICE_THREAD_1_FENCE.als,, SAT
wrw_2w_TB_012_SCOPE_BLOCK_FENCE_SCOPE_DEVICE_THREAD_1_FENCE.als,, SAT
wrw_2w_TB_0_1_2_SCOPE_BLOCK_FENCE_SCOPE_DEVICE_THREAD_2_FENCE_ACQ.als,, SAT
wrw_2w_TB_0_12_SCOPE_BLOCK_FENCE_SCOPE_DEVICE_THREAD_2_FENCE_ACQ.als,, SAT
wrw_2w_TB_01_2_SCOPE_BLOCK_FENCE_SCOPE_DEVICE_THREAD_2_FENCE_ACQ.als,, SAT
wrw_2w_TB_012_SCOPE_BLOCK_FENCE_SCOPE_DEVICE_THREAD_2_FENCE_ACQ.als,, SAT
wrw_2w_TB_0_1_2_SCOPE_BLOCK_FENCE_SCOPE_DEVICE_THREAD_2_FENCE_REL.als,, SAT
wrw_2w_TB_0_12_SCOPE_BLOCK_FENCE_SCOPE_DEVICE_THREAD_2_FENCE_REL.als,, SAT
wrw_2w_TB_01_2_SCOPE_BLOCK_FENCE_SCOPE_DEVICE_THREAD_2_FENCE_REL.als,, SAT
wrw_2w_TB_012_SCOPE_BLOCK_FENCE_SCOPE_DEVICE_THREAD_2_FENCE_REL.als,, SAT
wrw_2w_TB_0_1_2_SCOPE_BLOCK_NO_FENCE_ACQUIRE.als,, SAT
wrw_2w_TB_0_12_SCOPE_BLOCK_NO_FENCE_ACQUIRE.als,, SAT
wrw_2w_TB_01_2_SCOPE_BLOCK_NO_FENCE_ACQUIRE.als,, SAT
wrw_2w_TB_012_SCOPE_BLOCK_NO_FENCE_ACQUIRE.als,, SAT
wrw_2w_TB_0_1_2_SCOPE_BLOCK_NO_FENCE_RELAXED.als,, SAT
wrw_2w_TB_0_12_SCOPE_BLOCK_NO_FENCE_RELAXED.als,, SAT
wrw_2w_TB_01_2_SCOPE_BLOCK_NO_FENCE_RELAXED.als,, SAT
wrw_2w_TB_012_SCOPE_BLOCK_NO_FENCE_RELAXED.als,, SAT
wrw_2w_TB_0_1_2_SCOPE_BLOCK_NO_FENCE_RELEASE.als,, SAT
wrw_2w_TB_0_12_SCOPE_BLOCK_NO_FENCE_RELEASE.als,, SAT
wrw_2w_TB_01_2_SCOPE_BLOCK_NO_FENCE_RELEASE.als,, SAT
wrw_2w_TB_012_SCOPE_BLOCK_NO_FENCE_RELEASE.als,, SAT
wrw_2w_TB_0_1_2_SCOPE_DEVICE_FENCE_SCOPE_BLOCK_BOTH_FENCE.als,, SAT
wrw_2w_TB_0_12_SCOPE_DEVICE_FENCE_SCOPE_BLOCK_BOTH_FENCE.als,, SAT
wrw_2w_TB_01_2_SCOPE_DEVICE_FENCE_SCOPE_BLOCK_BOTH_FENCE.als,, SAT
wrw_2w_TB_012_SCOPE_DEVICE_FENCE_SCOPE_BLOCK_BOTH_FENCE.als,, SAT
wrw_2w_TB_0_1_2_SCOPE_DEVICE_FENCE_SCOPE_BLOCK_THREAD_1_FENCE.als,, SAT
wrw_2w_TB_0_12_SCOPE_DEVICE_FENCE_SCOPE_BLOCK_THREAD_1_FENCE.als,, SAT
wrw_2w_TB_01_2_SCOPE_DEVICE_FENCE_SCOPE_BLOCK_THREAD_1_FENCE.als,, SAT
wrw_2w_TB_012_SCOPE_DEVICE_FENCE_SCOPE_BLOCK_THREAD_1_FENCE.als,, SAT
wrw_2w_TB_0_1_2_SCOPE_DEVICE_FENCE_SCOPE_BLOCK_THREAD_2_FENCE_ACQ.als,, SAT
wrw_2w_TB_0_12_SCOPE_DEVICE_FENCE_SCOPE_BLOCK_THREAD_2_FENCE_ACQ.als,, SAT
wrw_2w_TB_01_2_SCOPE_DEVICE_FENCE_SCOPE_BLOCK_THREAD_2_FENCE_ACQ.als,, SAT
wrw_2w_TB_012_SCOPE_DEVICE_FENCE_SCOPE_BLOCK_THREAD_2_FENCE_ACQ.als,, SAT
wrw_2w_TB_0_1_2_SCOPE_DEVICE_FENCE_SCOPE_BLOCK_THREAD_2_FENCE_REL.als,, SAT
wrw_2w_TB_0_12_SCOPE_DEVICE_FENCE_SCOPE_BLOCK_THREAD_2_FENCE_REL.als,, SAT
wrw_2w_TB_01_2_SCOPE_DEVICE_FENCE_SCOPE_BLOCK_THREAD_2_FENCE_REL.als,, SAT
wrw_2w_TB_012_SCOPE_DEVICE_FENCE_SCOPE_BLOCK_THREAD_2_FENCE_REL.als,, SAT
wrw_2w_TB_0_1_2_SCOPE_DEVICE_FENCE_SCOPE_DEVICE_BOTH_FENCE.als,, SAT
wrw_2w_TB_0_12_SCOPE_DEVICE_FENCE_SCOPE_DEVICE_BOTH_FENCE.als,, SAT
wrw_2w_TB_01_2_SCOPE_DEVICE_FENCE_SCOPE_DEVICE_BOTH_FENCE.als,, SAT
wrw_2w_TB_012_SCOPE_DEVICE_FENCE_SCOPE_DEVICE_BOTH_FENCE.als,, SAT
wrw_2w_TB_0_1_2_SCOPE_DEVICE_FENCE_SCOPE_DEVICE_THREAD_1_FENCE.als,, SAT
wrw_2w_TB_0_12_SCOPE_DEVICE_FENCE_SCOPE_DEVICE_THREAD_1_FENCE.als,, SAT
wrw_2w_TB_01_2_SCOPE_DEVICE_FENCE_SCOPE_DEVICE_THREAD_1_FENCE.als,, SAT
wrw_2w_TB_012_SCOPE_DEVICE_FENCE_SCOPE_DEVICE_THREAD_1_FENCE.als,, SAT
wrw_2w_TB_0_1_2_SCOPE_DEVICE_FENCE_SCOPE_DEVICE_THREAD_2_FENCE_ACQ.als,, SAT
wrw_2w_TB_0_12_SCOPE_DEVICE_FENCE_SCOPE_DEVICE_THREAD_2_FENCE_ACQ.als,, SAT
wrw_2w_TB_01_2_SCOPE_DEVICE_FENCE_SCOPE_DEVICE_THREAD_2_FENCE_ACQ.als,, SAT
wrw_2w_TB_012_SCOPE_DEVICE_FENCE_SCOPE_DEVICE_THREAD_2_FENCE_ACQ.als,, SAT
wrw_2w_TB_0_1_2_SCOPE_DEVICE_FENCE_SCOPE_DEVICE_THREAD_2_FENCE_REL.als,, SAT
wrw_2w_TB_0_12_SCOPE_DEVICE_FENCE_SCOPE_DEVICE_THREAD_2_FENCE_REL.als,, SAT
wrw_2w_TB_01_2_SCOPE_DEVICE_FENCE_SCOPE_DEVICE_THREAD_2_FENCE_REL.als,, SAT
wrw_2w_TB_012_SCOPE_DEVICE_FENCE_SCOPE_DEVICE_THREAD_2_FENCE_REL.als,, SAT
wrw_2w_TB_0_1_2_SCOPE_DEVICE_NO_FENCE_ACQUIRE.als,, SAT
wrw_2w_TB_0_12_SCOPE_DEVICE_NO_FENCE_ACQUIRE.als,, SAT
wrw_2w_TB_01_2_SCOPE_DEVICE_NO_FENCE_ACQUIRE.als,, SAT
wrw_2w_TB_012_SCOPE_DEVICE_NO_FENCE_ACQUIRE.als,, SAT
wrw_2w_TB_0_1_2_SCOPE_DEVICE_NO_FENCE_RELAXED.als,, SAT
wrw_2w_TB_0_12_SCOPE_DEVICE_NO_FENCE_RELAXED.als,, SAT
wrw_2w_TB_01_2_SCOPE_DEVICE_NO_FENCE_RELAXED.als,, SAT
wrw_2w_TB_012_SCOPE_DEVICE_NO_FENCE_RELAXED.als,, SAT
wrw_2w_TB_0_1_2_SCOPE_DEVICE_NO_FENCE_RELEASE.als,, SAT
wrw_2w_TB_0_12_SCOPE_DEVICE_NO_FENCE_RELEASE.als,, SAT
wrw_2w_TB_01_2_SCOPE_DEVICE_NO_FENCE_RELEASE.als,, SAT
wrw_2w_TB_012_SCOPE_DEVICE_NO_FENCE_RELEASE.als,, SAT
wrw_2w_TB_1_02_SCOPE_BLOCK_FENCE_SCOPE_BLOCK_BOTH_FENCE.als,, SAT
wrw_2w_TB_1_02_SCOPE_BLOCK_FENCE_SCOPE_BLOCK_THREAD_1_FENCE.als,, SAT
wrw_2w_TB_1_02_SCOPE_BLOCK_FENCE_SCOPE_BLOCK_THREAD_2_FENCE_ACQ.als,, SAT
wrw_2w_TB_1_02_SCOPE_BLOCK_FENCE_SCOPE_BLOCK_THREAD_2_FENCE_REL.als,, SAT
wrw_2w_TB_1_02_SCOPE_BLOCK_FENCE_SCOPE_DEVICE_BOTH_FENCE.als,, SAT
wrw_2w_TB_1_02_SCOPE_BLOCK_FENCE_SCOPE_DEVICE_THREAD_1_FENCE.als,, SAT
wrw_2w_TB_1_02_SCOPE_BLOCK_FENCE_SCOPE_DEVICE_THREAD_2_FENCE_ACQ.als,, SAT
wrw_2w_TB_1_02_SCOPE_BLOCK_FENCE_SCOPE_DEVICE_THREAD_2_FENCE_REL.als,, SAT
wrw_2w_TB_1_02_SCOPE_BLOCK_NO_FENCE_ACQUIRE.als,, SAT
wrw_2w_TB_1_02_SCOPE_BLOCK_NO_FENCE_RELAXED.als,, SAT
wrw_2w_TB_1_02_SCOPE_BLOCK_NO_FENCE_RELEASE.als,, SAT
wrw_2w_TB_1_02_SCOPE_DEVICE_FENCE_SCOPE_BLOCK_BOTH_FENCE.als,, SAT
wrw_2w_TB_1_02_SCOPE_DEVICE_FENCE_SCOPE_BLOCK_THREAD_1_FENCE.als,, SAT
wrw_2w_TB_1_02_SCOPE_DEVICE_FENCE_SCOPE_BLOCK_THREAD_2_FENCE_ACQ.als,, SAT
wrw_2w_TB_1_02_SCOPE_DEVICE_FENCE_SCOPE_BLOCK_THREAD_2_FENCE_REL.als,, SAT
wrw_2w_TB_1_02_SCOPE_DEVICE_FENCE_SCOPE_DEVICE_BOTH_FENCE.als,, SAT
wrw_2w_TB_1_02_SCOPE_DEVICE_FENCE_SCOPE_DEVICE_THREAD_1_FENCE.als,, SAT
wrw_2w_TB_1_02_SCOPE_DEVICE_FENCE_SCOPE_DEVICE_THREAD_2_FENCE_ACQ.als,, SAT
wrw_2w_TB_1_02_SCOPE_DEVICE_FENCE_SCOPE_DEVICE_THREAD_2_FENCE_REL.als,, SAT
wrw_2w_TB_1_02_SCOPE_DEVICE_NO_FENCE_ACQUIRE.als,, SAT
wrw_2w_TB_1_02_SCOPE_DEVICE_NO_FENCE_RELAXED.als,, SAT
wrw_2w_TB_1_02_SCOPE_DEVICE_NO_FENCE_RELEASE.als,, SAT
wwc_TB_0_1_2_SCOPE_BLOCK_FENCE_SCOPE_BLOCK_BOTH_FENCE.als,, SAT
wwc_TB_0_12_SCOPE_BLOCK_FENCE_SCOPE_BLOCK_BOTH_FENCE.als,, SAT
wwc_TB_01_2_SCOPE_BLOCK_FENCE_SCOPE_BLOCK_BOTH_FENCE.als,, SAT
wwc_TB_012_SCOPE_BLOCK_FENCE_SCOPE_BLOCK_BOTH_FENCE.als,,UNSAT
wwc_TB_0_1_2_SCOPE_BLOCK_FENCE_SCOPE_BLOCK_THREAD_1_FENCE_ACQ.als,, SAT
wwc_TB_0_12_SCOPE_BLOCK_FENCE_SCOPE_BLOCK_THREAD_1_FENCE_ACQ.als,, SAT
wwc_TB_01_2_SCOPE_BLOCK_FENCE_SCOPE_BLOCK_THREAD_1_FENCE_ACQ.als,, SAT
wwc_TB_012_SCOPE_BLOCK_FENCE_SCOPE_BLOCK_THREAD_1_FENCE_ACQ.als,,UNSAT
wwc_TB_0_1_2_SCOPE_BLOCK_FENCE_SCOPE_BLOCK_THREAD_1_FENCE_REL.als,, SAT
wwc_TB_0_12_SCOPE_BLOCK_FENCE_SCOPE_BLOCK_THREAD_1_FENCE_REL.als,, SAT
wwc_TB_01_2_SCOPE_BLOCK_FENCE_SCOPE_BLOCK_THREAD_1_FENCE_REL.als,, SAT
wwc_TB_012_SCOPE_BLOCK_FENCE_SCOPE_BLOCK_THREAD_1_FENCE_REL.als,, SAT
wwc_TB_0_1_2_SCOPE_BLOCK_FENCE_SCOPE_BLOCK_THREAD_2_FENCE_ACQ.als,, SAT
wwc_TB_0_12_SCOPE_BLOCK_FENCE_SCOPE_BLOCK_THREAD_2_FENCE_ACQ.als,, SAT
wwc_TB_01_2_SCOPE_BLOCK_FENCE_SCOPE_BLOCK_THREAD_2_FENCE_ACQ.als,, SAT
wwc_TB_012_SCOPE_BLOCK_FENCE_SCOPE_BLOCK_THREAD_2_FENCE_ACQ.als,, SAT
wwc_TB_0_1_2_SCOPE_BLOCK_FENCE_SCOPE_BLOCK_THREAD_2_FENCE_REL.als,, SAT
wwc_TB_0_12_SCOPE_BLOCK_FENCE_SCOPE_BLOCK_THREAD_2_FENCE_REL.als,, SAT
wwc_TB_01_2_SCOPE_BLOCK_FENCE_SCOPE_BLOCK_THREAD_2_FENCE_REL.als,, SAT
wwc_TB_012_SCOPE_BLOCK_FENCE_SCOPE_BLOCK_THREAD_2_FENCE_REL.als,,UNSAT
wwc_TB_0_1_2_SCOPE_BLOCK_FENCE_SCOPE_DEVICE_BOTH_FENCE.als,, SAT
wwc_TB_0_12_SCOPE_BLOCK_FENCE_SCOPE_DEVICE_BOTH_FENCE.als,, SAT
wwc_TB_01_2_SCOPE_BLOCK_FENCE_SCOPE_DEVICE_BOTH_FENCE.als,, SAT
wwc_TB_012_SCOPE_BLOCK_FENCE_SCOPE_DEVICE_BOTH_FENCE.als,,UNSAT
wwc_TB_0_1_2_SCOPE_BLOCK_FENCE_SCOPE_DEVICE_THREAD_1_FENCE_ACQ.als,, SAT
wwc_TB_0_12_SCOPE_BLOCK_FENCE_SCOPE_DEVICE_THREAD_1_FENCE_ACQ.als,, SAT
wwc_TB_01_2_SCOPE_BLOCK_FENCE_SCOPE_DEVICE_THREAD_1_FENCE_ACQ.als,, SAT
wwc_TB_012_SCOPE_BLOCK_FENCE_SCOPE_DEVICE_THREAD_1_FENCE_ACQ.als,,UNSAT
wwc_TB_0_1_2_SCOPE_BLOCK_FENCE_SCOPE_DEVICE_THREAD_1_FENCE_REL.als,, SAT
wwc_TB_0_12_SCOPE_BLOCK_FENCE_SCOPE_DEVICE_THREAD_1_FENCE_REL.als,, SAT
wwc_TB_01_2_SCOPE_BLOCK_FENCE_SCOPE_DEVICE_THREAD_1_FENCE_REL.als,, SAT
wwc_TB_012_SCOPE_BLOCK_FENCE_SCOPE_DEVICE_THREAD_1_FENCE_REL.als,, SAT
wwc_TB_0_1_2_SCOPE_BLOCK_FENCE_SCOPE_DEVICE_THREAD_2_FENCE_ACQ.als,, SAT
wwc_TB_0_12_SCOPE_BLOCK_FENCE_SCOPE_DEVICE_THREAD_2_FENCE_ACQ.als,, SAT
wwc_TB_01_2_SCOPE_BLOCK_FENCE_SCOPE_DEVICE_THREAD_2_FENCE_ACQ.als,, SAT
wwc_TB_012_SCOPE_BLOCK_FENCE_SCOPE_DEVICE_THREAD_2_FENCE_ACQ.als,, SAT
wwc_TB_0_1_2_SCOPE_BLOCK_FENCE_SCOPE_DEVICE_THREAD_2_FENCE_REL.als,, SAT
wwc_TB_0_12_SCOPE_BLOCK_FENCE_SCOPE_DEVICE_THREAD_2_FENCE_REL.als,, SAT
wwc_TB_01_2_SCOPE_BLOCK_FENCE_SCOPE_DEVICE_THREAD_2_FENCE_REL.als,, SAT
wwc_TB_012_SCOPE_BLOCK_FENCE_SCOPE_DEVICE_THREAD_2_FENCE_REL.als,,UNSAT
wwc_TB_0_1_2_SCOPE_BLOCK_NO_FENCE_ACQ_ACQ.als,, SAT
wwc_TB_0_12_SCOPE_BLOCK_NO_FENCE_ACQ_ACQ.als,, SAT
wwc_TB_01_2_SCOPE_BLOCK_NO_FENCE_ACQ_ACQ.als,, SAT
wwc_TB_012_SCOPE_BLOCK_NO_FENCE_ACQ_ACQ.als,, SAT
wwc_TB_0_1_2_SCOPE_BLOCK_NO_FENCE_ACQ_REL.als,, SAT
wwc_TB_0_12_SCOPE_BLOCK_NO_FENCE_ACQ_REL.als,, SAT
wwc_TB_01_2_SCOPE_BLOCK_NO_FENCE_ACQ_REL.als,, SAT
wwc_TB_012_SCOPE_BLOCK_NO_FENCE_ACQ_REL.als,, SAT
wwc_TB_0_1_2_SCOPE_BLOCK_NO_FENCE_REL_ACQ.als,, SAT
wwc_TB_0_12_SCOPE_BLOCK_NO_FENCE_REL_ACQ.als,, SAT
wwc_TB_01_2_SCOPE_BLOCK_NO_FENCE_REL_ACQ.als,, SAT
wwc_TB_012_SCOPE_BLOCK_NO_FENCE_REL_ACQ.als,,UNSAT
wwc_TB_0_1_2_SCOPE_BLOCK_NO_FENCE_RELAXED.als,, SAT
wwc_TB_0_12_SCOPE_BLOCK_NO_FENCE_RELAXED.als,, SAT
wwc_TB_01_2_SCOPE_BLOCK_NO_FENCE_RELAXED.als,, SAT
wwc_TB_012_SCOPE_BLOCK_NO_FENCE_RELAXED.als,, SAT
wwc_TB_0_1_2_SCOPE_BLOCK_NO_FENCE_REL_REL.als,, SAT
wwc_TB_0_12_SCOPE_BLOCK_NO_FENCE_REL_REL.als,, SAT
wwc_TB_01_2_SCOPE_BLOCK_NO_FENCE_REL_REL.als,, SAT
wwc_TB_012_SCOPE_BLOCK_NO_FENCE_REL_REL.als,, SAT
wwc_TB_0_1_2_SCOPE_DEVICE_FENCE_SCOPE_BLOCK_BOTH_FENCE.als,, SAT
wwc_TB_0_12_SCOPE_DEVICE_FENCE_SCOPE_BLOCK_BOTH_FENCE.als,,UNSAT
wwc_TB_01_2_SCOPE_DEVICE_FENCE_SCOPE_BLOCK_BOTH_FENCE.als,, SAT
wwc_TB_012_SCOPE_DEVICE_FENCE_SCOPE_BLOCK_BOTH_FENCE.als,,UNSAT
wwc_TB_0_1_2_SCOPE_DEVICE_FENCE_SCOPE_BLOCK_THREAD_1_FENCE_ACQ.als,, SAT
wwc_TB_0_12_SCOPE_DEVICE_FENCE_SCOPE_BLOCK_THREAD_1_FENCE_ACQ.als,,UNSAT
wwc_TB_01_2_SCOPE_DEVICE_FENCE_SCOPE_BLOCK_THREAD_1_FENCE_ACQ.als,, SAT
wwc_TB_012_SCOPE_DEVICE_FENCE_SCOPE_BLOCK_THREAD_1_FENCE_ACQ.als,,UNSAT
wwc_TB_0_1_2_SCOPE_DEVICE_FENCE_SCOPE_BLOCK_THREAD_1_FENCE_REL.als,, SAT
wwc_TB_0_12_SCOPE_DEVICE_FENCE_SCOPE_BLOCK_THREAD_1_FENCE_REL.als,, SAT
wwc_TB_01_2_SCOPE_DEVICE_FENCE_SCOPE_BLOCK_THREAD_1_FENCE_REL.als,, SAT
wwc_TB_012_SCOPE_DEVICE_FENCE_SCOPE_BLOCK_THREAD_1_FENCE_REL.als,, SAT
wwc_TB_0_1_2_SCOPE_DEVICE_FENCE_SCOPE_BLOCK_THREAD_2_FENCE_ACQ.als,, SAT
wwc_TB_0_12_SCOPE_DEVICE_FENCE_SCOPE_BLOCK_THREAD_2_FENCE_ACQ.als,, SAT
wwc_TB_01_2_SCOPE_DEVICE_FENCE_SCOPE_BLOCK_THREAD_2_FENCE_ACQ.als,, SAT
wwc_TB_012_SCOPE_DEVICE_FENCE_SCOPE_BLOCK_THREAD_2_FENCE_ACQ.als,, SAT
wwc_TB_0_1_2_SCOPE_DEVICE_FENCE_SCOPE_BLOCK_THREAD_2_FENCE_REL.als,, SAT
wwc_TB_0_12_SCOPE_DEVICE_FENCE_SCOPE_BLOCK_THREAD_2_FENCE_REL.als,,UNSAT
wwc_TB_01_2_SCOPE_DEVICE_FENCE_SCOPE_BLOCK_THREAD_2_FENCE_REL.als,, SAT
wwc_TB_012_SCOPE_DEVICE_FENCE_SCOPE_BLOCK_THREAD_2_FENCE_REL.als,,UNSAT
wwc_TB_0_1_2_SCOPE_DEVICE_FENCE_SCOPE_DEVICE_BOTH_FENCE.als,,UNSAT
wwc_TB_0_12_SCOPE_DEVICE_FENCE_SCOPE_DEVICE_BOTH_FENCE.als,,UNSAT
wwc_TB_01_2_SCOPE_DEVICE_FENCE_SCOPE_DEVICE_BOTH_FENCE.als,,UNSAT
wwc_TB_012_SCOPE_DEVICE_FENCE_SCOPE_DEVICE_BOTH_FENCE.als,,UNSAT
wwc_TB_0_1_2_SCOPE_DEVICE_FENCE_SCOPE_DEVICE_THREAD_1_FENCE_ACQ.als,,UNSAT
wwc_TB_0_12_SCOPE_DEVICE_FENCE_SCOPE_DEVICE_THREAD_1_FENCE_ACQ.als,,UNSAT
wwc_TB_01_2_SCOPE_DEVICE_FENCE_SCOPE_DEVICE_THREAD_1_FENCE_ACQ.als,,UNSAT
wwc_TB_012_SCOPE_DEVICE_FENCE_SCOPE_DEVICE_THREAD_1_FENCE_ACQ.als,,UNSAT
wwc_TB_0_1_2_SCOPE_DEVICE_FENCE_SCOPE_DEVICE_THREAD_1_FENCE_REL.als,, SAT
wwc_TB_0_12_SCOPE_DEVICE_FENCE_SCOPE_DEVICE_THREAD_1_FENCE_REL.als,, SAT
wwc_TB_01_2_SCOPE_DEVICE_FENCE_SCOPE_DEVICE_THREAD_1_FENCE_REL.als,, SAT
wwc_TB_012_SCOPE_DEVICE_FENCE_SCOPE_DEVICE_THREAD_1_FENCE_REL.als,, SAT
wwc_TB_0_1_2_SCOPE_DEVICE_FENCE_SCOPE_DEVICE_THREAD_2_FENCE_ACQ.als,, SAT
wwc_TB_0_12_SCOPE_DEVICE_FENCE_SCOPE_DEVICE_THREAD_2_FENCE_ACQ.als,, SAT
wwc_TB_01_2_SCOPE_DEVICE_FENCE_SCOPE_DEVICE_THREAD_2_FENCE_ACQ.als,, SAT
wwc_TB_012_SCOPE_DEVICE_FENCE_SCOPE_DEVICE_THREAD_2_FENCE_ACQ.als,, SAT
wwc_TB_0_1_2_SCOPE_DEVICE_FENCE_SCOPE_DEVICE_THREAD_2_FENCE_REL.als,,UNSAT
wwc_TB_0_12_SCOPE_DEVICE_FENCE_SCOPE_DEVICE_THREAD_2_FENCE_REL.als,,UNSAT
wwc_TB_01_2_SCOPE_DEVICE_FENCE_SCOPE_DEVICE_THREAD_2_FENCE_REL.als,,UNSAT
wwc_TB_012_SCOPE_DEVICE_FENCE_SCOPE_DEVICE_THREAD_2_FENCE_REL.als,,UNSAT
wwc_TB_0_1_2_SCOPE_DEVICE_NO_FENCE_ACQ_ACQ.als,, SAT
wwc_TB_0_12_SCOPE_DEVICE_NO_FENCE_ACQ_ACQ.als,, SAT
wwc_TB_01_2_SCOPE_DEVICE_NO_FENCE_ACQ_ACQ.als,, SAT
wwc_TB_012_SCOPE_DEVICE_NO_FENCE_ACQ_ACQ.als,, SAT
wwc_TB_0_1_2_SCOPE_DEVICE_NO_FENCE_ACQ_REL.als,, SAT
wwc_TB_0_12_SCOPE_DEVICE_NO_FENCE_ACQ_REL.als,, SAT
wwc_TB_01_2_SCOPE_DEVICE_NO_FENCE_ACQ_REL.als,, SAT
wwc_TB_012_SCOPE_DEVICE_NO_FENCE_ACQ_REL.als,, SAT
wwc_TB_0_1_2_SCOPE_DEVICE_NO_FENCE_REL_ACQ.als,,UNSAT
wwc_TB_0_12_SCOPE_DEVICE_NO_FENCE_REL_ACQ.als,,UNSAT
wwc_TB_01_2_SCOPE_DEVICE_NO_FENCE_REL_ACQ.als,,UNSAT
wwc_TB_012_SCOPE_DEVICE_NO_FENCE_REL_ACQ.als,,UNSAT
wwc_TB_0_1_2_SCOPE_DEVICE_NO_FENCE_RELAXED.als,, SAT
wwc_TB_0_12_SCOPE_DEVICE_NO_FENCE_RELAXED.als,, SAT
wwc_TB_01_2_SCOPE_DEVICE_NO_FENCE_RELAXED.als,, SAT
wwc_TB_012_SCOPE_DEVICE_NO_FENCE_RELAXED.als,, SAT
wwc_TB_0_1_2_SCOPE_DEVICE_NO_FENCE_REL_REL.als,, SAT
wwc_TB_0_12_SCOPE_DEVICE_NO_FENCE_REL_REL.als,, SAT
wwc_TB_01_2_SCOPE_DEVICE_NO_FENCE_REL_REL.als,, SAT
wwc_TB_012_SCOPE_DEVICE_NO_FENCE_REL_REL.als,, SAT
wwc_TB_1_02_SCOPE_BLOCK_FENCE_SCOPE_BLOCK_BOTH_FENCE.als,, SAT
wwc_TB_1_02_SCOPE_BLOCK_FENCE_SCOPE_BLOCK_THREAD_1_FENCE_ACQ.als,, SAT
wwc_TB_1_02_SCOPE_BLOCK_FENCE_SCOPE_BLOCK_THREAD_1_FENCE_REL.als,, SAT
wwc_TB_1_02_SCOPE_BLOCK_FENCE_SCOPE_BLOCK_THREAD_2_FENCE_ACQ.als,, SAT
wwc_TB_1_02_SCOPE_BLOCK_FENCE_SCOPE_BLOCK_THREAD_2_FENCE_REL.als,, SAT
wwc_TB_1_02_SCOPE_BLOCK_FENCE_SCOPE_DEVICE_BOTH_FENCE.als,, SAT
wwc_TB_1_02_SCOPE_BLOCK_FENCE_SCOPE_DEVICE_THREAD_1_FENCE_ACQ.als,, SAT
wwc_TB_1_02_SCOPE_BLOCK_FENCE_SCOPE_DEVICE_THREAD_1_FENCE_REL.als,, SAT
wwc_TB_1_02_SCOPE_BLOCK_FENCE_SCOPE_DEVICE_THREAD_2_FENCE_ACQ.als,, SAT
wwc_TB_1_02_SCOPE_BLOCK_FENCE_SCOPE_DEVICE_THREAD_2_FENCE_REL.als,, SAT
wwc_TB_1_02_SCOPE_BLOCK_NO_FENCE_ACQ_ACQ.als,, SAT
wwc_TB_1_02_SCOPE_BLOCK_NO_FENCE_ACQ_REL.als,, SAT
wwc_TB_1_02_SCOPE_BLOCK_NO_FENCE_REL_ACQ.als,, SAT
wwc_TB_1_02_SCOPE_BLOCK_NO_FENCE_RELAXED.als,, SAT
wwc_TB_1_02_SCOPE_BLOCK_NO_FENCE_REL_REL.als,, SAT
wwc_TB_1_02_SCOPE_DEVICE_FENCE_SCOPE_BLOCK_BOTH_FENCE.als,, SAT
wwc_TB_1_02_SCOPE_DEVICE_FENCE_SCOPE_BLOCK_THREAD_1_FENCE_ACQ.als,, SAT
wwc_TB_1_02_SCOPE_DEVICE_FENCE_SCOPE_BLOCK_THREAD_1_FENCE_REL.als,, SAT
wwc_TB_1_02_SCOPE_DEVICE_FENCE_SCOPE_BLOCK_THREAD_2_FENCE_ACQ.als,, SAT
wwc_TB_1_02_SCOPE_DEVICE_FENCE_SCOPE_BLOCK_THREAD_2_FENCE_REL.als,, SAT
wwc_TB_1_02_SCOPE_DEVICE_FENCE_SCOPE_DEVICE_BOTH_FENCE.als,,UNSAT
wwc_TB_1_02_SCOPE_DEVICE_FENCE_SCOPE_DEVICE_THREAD_1_FENCE_ACQ.als,,UNSAT
wwc_TB_1_02_SCOPE_DEVICE_FENCE_SCOPE_DEVICE_THREAD_1_FENCE_REL.als,, SAT
wwc_TB_1_02_SCOPE_DEVICE_FENCE_SCOPE_DEVICE_THREAD_2_FENCE_ACQ.als,, SAT
wwc_TB_1_02_SCOPE_DEVICE_FENCE_SCOPE_DEVICE_THREAD_2_FENCE_REL.als,,UNSAT
wwc_TB_1_02_SCOPE_DEVICE_NO_FENCE_ACQ_ACQ.als,, SAT
wwc_TB_1_02_SCOPE_DEVICE_NO_FENCE_ACQ_REL.als,, SAT
wwc_TB_1_02_SCOPE_DEVICE_NO_FENCE_REL_ACQ.als,,UNSAT
wwc_TB_1_02_SCOPE_DEVICE_NO_FENCE_RELAXED.als,, SAT
wwc_TB_1_02_SCOPE_DEVICE_NO_FENCE_REL_REL.als,, SAT
z6_3_TB_0_1_2_SCOPE_BLOCK_FENCE_SCOPE_BLOCK_ALL_FENCE.als,, SAT
z6_3_TB_0_12_SCOPE_BLOCK_FENCE_SCOPE_BLOCK_ALL_FENCE.als,, SAT
z6_3_TB_01_2_SCOPE_BLOCK_FENCE_SCOPE_BLOCK_ALL_FENCE.als,, SAT
z6_3_TB_012_SCOPE_BLOCK_FENCE_SCOPE_BLOCK_ALL_FENCE.als,, SAT
z6_3_TB_0_1_2_SCOPE_BLOCK_FENCE_SCOPE_BLOCK_FENCE_01.als,, SAT
z6_3_TB_0_12_SCOPE_BLOCK_FENCE_SCOPE_BLOCK_FENCE_01.als,, SAT
z6_3_TB_01_2_SCOPE_BLOCK_FENCE_SCOPE_BLOCK_FENCE_01.als,, SAT
z6_3_TB_012_SCOPE_BLOCK_FENCE_SCOPE_BLOCK_FENCE_01.als,, SAT
z6_3_TB_0_1_2_SCOPE_BLOCK_FENCE_SCOPE_BLOCK_FENCE_02.als,, SAT
z6_3_TB_0_12_SCOPE_BLOCK_FENCE_SCOPE_BLOCK_FENCE_02.als,, SAT
z6_3_TB_01_2_SCOPE_BLOCK_FENCE_SCOPE_BLOCK_FENCE_02.als,, SAT
z6_3_TB_012_SCOPE_BLOCK_FENCE_SCOPE_BLOCK_FENCE_02.als,, SAT
z6_3_TB_0_1_2_SCOPE_BLOCK_FENCE_SCOPE_BLOCK_FENCE_0.als,, SAT
z6_3_TB_0_12_SCOPE_BLOCK_FENCE_SCOPE_BLOCK_FENCE_0.als,, SAT
z6_3_TB_01_2_SCOPE_BLOCK_FENCE_SCOPE_BLOCK_FENCE_0.als,, SAT
z6_3_TB_012_SCOPE_BLOCK_FENCE_SCOPE_BLOCK_FENCE_0.als,, SAT
z6_3_TB_0_1_2_SCOPE_BLOCK_FENCE_SCOPE_BLOCK_FENCE_12.als,, SAT
z6_3_TB_0_12_SCOPE_BLOCK_FENCE_SCOPE_BLOCK_FENCE_12.als,, SAT
z6_3_TB_01_2_SCOPE_BLOCK_FENCE_SCOPE_BLOCK_FENCE_12.als,, SAT
z6_3_TB_012_SCOPE_BLOCK_FENCE_SCOPE_BLOCK_FENCE_12.als,, SAT
z6_3_TB_0_1_2_SCOPE_BLOCK_FENCE_SCOPE_BLOCK_FENCE_1.als,, SAT
z6_3_TB_0_12_SCOPE_BLOCK_FENCE_SCOPE_BLOCK_FENCE_1.als,, SAT
z6_3_TB_01_2_SCOPE_BLOCK_FENCE_SCOPE_BLOCK_FENCE_1.als,, SAT
z6_3_TB_012_SCOPE_BLOCK_FENCE_SCOPE_BLOCK_FENCE_1.als,, SAT
z6_3_TB_0_1_2_SCOPE_BLOCK_FENCE_SCOPE_BLOCK_FENCE_2.als,, SAT
z6_3_TB_0_12_SCOPE_BLOCK_FENCE_SCOPE_BLOCK_FENCE_2.als,, SAT
z6_3_TB_01_2_SCOPE_BLOCK_FENCE_SCOPE_BLOCK_FENCE_2.als,, SAT
z6_3_TB_012_SCOPE_BLOCK_FENCE_SCOPE_BLOCK_FENCE_2.als,, SAT
z6_3_TB_0_1_2_SCOPE_BLOCK_FENCE_SCOPE_DEVICE_ALL_FENCE.als,, SAT
z6_3_TB_0_12_SCOPE_BLOCK_FENCE_SCOPE_DEVICE_ALL_FENCE.als,, SAT
z6_3_TB_01_2_SCOPE_BLOCK_FENCE_SCOPE_DEVICE_ALL_FENCE.als,, SAT
z6_3_TB_012_SCOPE_BLOCK_FENCE_SCOPE_DEVICE_ALL_FENCE.als,, SAT
z6_3_TB_0_1_2_SCOPE_BLOCK_FENCE_SCOPE_DEVICE_FENCE_01.als,, SAT
z6_3_TB_0_12_SCOPE_BLOCK_FENCE_SCOPE_DEVICE_FENCE_01.als,, SAT
z6_3_TB_01_2_SCOPE_BLOCK_FENCE_SCOPE_DEVICE_FENCE_01.als,, SAT
z6_3_TB_012_SCOPE_BLOCK_FENCE_SCOPE_DEVICE_FENCE_01.als,, SAT
z6_3_TB_0_1_2_SCOPE_BLOCK_FENCE_SCOPE_DEVICE_FENCE_02.als,, SAT
z6_3_TB_0_12_SCOPE_BLOCK_FENCE_SCOPE_DEVICE_FENCE_02.als,, SAT
z6_3_TB_01_2_SCOPE_BLOCK_FENCE_SCOPE_DEVICE_FENCE_02.als,, SAT
z6_3_TB_012_SCOPE_BLOCK_FENCE_SCOPE_DEVICE_FENCE_02.als,, SAT
z6_3_TB_0_1_2_SCOPE_BLOCK_FENCE_SCOPE_DEVICE_FENCE_0.als,, SAT
z6_3_TB_0_12_SCOPE_BLOCK_FENCE_SCOPE_DEVICE_FENCE_0.als,, SAT
z6_3_TB_01_2_SCOPE_BLOCK_FENCE_SCOPE_DEVICE_FENCE_0.als,, SAT
z6_3_TB_012_SCOPE_BLOCK_FENCE_SCOPE_DEVICE_FENCE_0.als,, SAT
z6_3_TB_0_1_2_SCOPE_BLOCK_FENCE_SCOPE_DEVICE_FENCE_12.als,, SAT
z6_3_TB_0_12_SCOPE_BLOCK_FENCE_SCOPE_DEVICE_FENCE_12.als,, SAT
z6_3_TB_01_2_SCOPE_BLOCK_FENCE_SCOPE_DEVICE_FENCE_12.als,, SAT
z6_3_TB_012_SCOPE_BLOCK_FENCE_SCOPE_DEVICE_FENCE_12.als,, SAT
z6_3_TB_0_1_2_SCOPE_BLOCK_FENCE_SCOPE_DEVICE_FENCE_1.als,, SAT
z6_3_TB_0_12_SCOPE_BLOCK_FENCE_SCOPE_DEVICE_FENCE_1.als,, SAT
z6_3_TB_01_2_SCOPE_BLOCK_FENCE_SCOPE_DEVICE_FENCE_1.als,, SAT
z6_3_TB_012_SCOPE_BLOCK_FENCE_SCOPE_DEVICE_FENCE_1.als,, SAT
z6_3_TB_0_1_2_SCOPE_BLOCK_FENCE_SCOPE_DEVICE_FENCE_2.als,, SAT
z6_3_TB_0_12_SCOPE_BLOCK_FENCE_SCOPE_DEVICE_FENCE_2.als,, SAT
z6_3_TB_01_2_SCOPE_BLOCK_FENCE_SCOPE_DEVICE_FENCE_2.als,, SAT
z6_3_TB_012_SCOPE_BLOCK_FENCE_SCOPE_DEVICE_FENCE_2.als,, SAT
z6_3_TB_0_1_2_SCOPE_BLOCK_NO_FENCE_ACQ_REL.als,, SAT
z6_3_TB_0_12_SCOPE_BLOCK_NO_FENCE_ACQ_REL.als,, SAT
z6_3_TB_01_2_SCOPE_BLOCK_NO_FENCE_ACQ_REL.als,, SAT
z6_3_TB_012_SCOPE_BLOCK_NO_FENCE_ACQ_REL.als,, SAT
z6_3_TB_0_1_2_SCOPE_BLOCK_NO_FENCE_RELAXED.als,, SAT
z6_3_TB_0_12_SCOPE_BLOCK_NO_FENCE_RELAXED.als,, SAT
z6_3_TB_01_2_SCOPE_BLOCK_NO_FENCE_RELAXED.als,, SAT
z6_3_TB_012_SCOPE_BLOCK_NO_FENCE_RELAXED.als,, SAT
z6_3_TB_0_1_2_SCOPE_DEVICE_FENCE_SCOPE_BLOCK_ALL_FENCE.als,, SAT
z6_3_TB_0_12_SCOPE_DEVICE_FENCE_SCOPE_BLOCK_ALL_FENCE.als,, SAT
z6_3_TB_01_2_SCOPE_DEVICE_FENCE_SCOPE_BLOCK_ALL_FENCE.als,, SAT
z6_3_TB_012_SCOPE_DEVICE_FENCE_SCOPE_BLOCK_ALL_FENCE.als,, SAT
z6_3_TB_0_1_2_SCOPE_DEVICE_FENCE_SCOPE_BLOCK_FENCE_01.als,, SAT
z6_3_TB_0_12_SCOPE_DEVICE_FENCE_SCOPE_BLOCK_FENCE_01.als,, SAT
z6_3_TB_01_2_SCOPE_DEVICE_FENCE_SCOPE_BLOCK_FENCE_01.als,, SAT
z6_3_TB_012_SCOPE_DEVICE_FENCE_SCOPE_BLOCK_FENCE_01.als,, SAT
z6_3_TB_0_1_2_SCOPE_DEVICE_FENCE_SCOPE_BLOCK_FENCE_02.als,, SAT
z6_3_TB_0_12_SCOPE_DEVICE_FENCE_SCOPE_BLOCK_FENCE_02.als,, SAT
z6_3_TB_01_2_SCOPE_DEVICE_FENCE_SCOPE_BLOCK_FENCE_02.als,, SAT
z6_3_TB_012_SCOPE_DEVICE_FENCE_SCOPE_BLOCK_FENCE_02.als,, SAT
z6_3_TB_0_1_2_SCOPE_DEVICE_FENCE_SCOPE_BLOCK_FENCE_0.als,, SAT
z6_3_TB_0_12_SCOPE_DEVICE_FENCE_SCOPE_BLOCK_FENCE_0.als,, SAT
z6_3_TB_01_2_SCOPE_DEVICE_FENCE_SCOPE_BLOCK_FENCE_0.als,, SAT
z6_3_TB_012_SCOPE_DEVICE_FENCE_SCOPE_BLOCK_FENCE_0.als,, SAT
z6_3_TB_0_1_2_SCOPE_DEVICE_FENCE_SCOPE_BLOCK_FENCE_12.als,, SAT
z6_3_TB_0_12_SCOPE_DEVICE_FENCE_SCOPE_BLOCK_FENCE_12.als,, SAT
z6_3_TB_01_2_SCOPE_DEVICE_FENCE_SCOPE_BLOCK_FENCE_12.als,, SAT
z6_3_TB_012_SCOPE_DEVICE_FENCE_SCOPE_BLOCK_FENCE_12.als,, SAT
z6_3_TB_0_1_2_SCOPE_DEVICE_FENCE_SCOPE_BLOCK_FENCE_1.als,, SAT
z6_3_TB_0_12_SCOPE_DEVICE_FENCE_SCOPE_BLOCK_FENCE_1.als,, SAT
z6_3_TB_01_2_SCOPE_DEVICE_FENCE_SCOPE_BLOCK_FENCE_1.als,, SAT
z6_3_TB_012_SCOPE_DEVICE_FENCE_SCOPE_BLOCK_FENCE_1.als,, SAT
z6_3_TB_0_1_2_SCOPE_DEVICE_FENCE_SCOPE_BLOCK_FENCE_2.als,, SAT
z6_3_TB_0_12_SCOPE_DEVICE_FENCE_SCOPE_BLOCK_FENCE_2.als,, SAT
z6_3_TB_01_2_SCOPE_DEVICE_FENCE_SCOPE_BLOCK_FENCE_2.als,, SAT
z6_3_TB_012_SCOPE_DEVICE_FENCE_SCOPE_BLOCK_FENCE_2.als,, SAT
z6_3_TB_0_1_2_SCOPE_DEVICE_FENCE_SCOPE_DEVICE_ALL_FENCE.als,, SAT
z6_3_TB_0_12_SCOPE_DEVICE_FENCE_SCOPE_DEVICE_ALL_FENCE.als,, SAT
z6_3_TB_01_2_SCOPE_DEVICE_FENCE_SCOPE_DEVICE_ALL_FENCE.als,, SAT
z6_3_TB_012_SCOPE_DEVICE_FENCE_SCOPE_DEVICE_ALL_FENCE.als,, SAT
z6_3_TB_0_1_2_SCOPE_DEVICE_FENCE_SCOPE_DEVICE_FENCE_01.als,, SAT
z6_3_TB_0_12_SCOPE_DEVICE_FENCE_SCOPE_DEVICE_FENCE_01.als,, SAT
z6_3_TB_01_2_SCOPE_DEVICE_FENCE_SCOPE_DEVICE_FENCE_01.als,, SAT
z6_3_TB_012_SCOPE_DEVICE_FENCE_SCOPE_DEVICE_FENCE_01.als,, SAT
z6_3_TB_0_1_2_SCOPE_DEVICE_FENCE_SCOPE_DEVICE_FENCE_02.als,, SAT
z6_3_TB_0_12_SCOPE_DEVICE_FENCE_SCOPE_DEVICE_FENCE_02.als,, SAT
z6_3_TB_01_2_SCOPE_DEVICE_FENCE_SCOPE_DEVICE_FENCE_02.als,, SAT
z6_3_TB_012_SCOPE_DEVICE_FENCE_SCOPE_DEVICE_FENCE_02.als,, SAT
z6_3_TB_0_1_2_SCOPE_DEVICE_FENCE_SCOPE_DEVICE_FENCE_0.als,, SAT
z6_3_TB_0_12_SCOPE_DEVICE_FENCE_SCOPE_DEVICE_FENCE_0.als,, SAT
z6_3_TB_01_2_SCOPE_DEVICE_FENCE_SCOPE_DEVICE_FENCE_0.als,, SAT
z6_3_TB_012_SCOPE_DEVICE_FENCE_SCOPE_DEVICE_FENCE_0.als,, SAT
z6_3_TB_0_1_2_SCOPE_DEVICE_FENCE_SCOPE_DEVICE_FENCE_12.als,, SAT
z6_3_TB_0_12_SCOPE_DEVICE_FENCE_SCOPE_DEVICE_FENCE_12.als,, SAT
z6_3_TB_01_2_SCOPE_DEVICE_FENCE_SCOPE_DEVICE_FENCE_12.als,, SAT
z6_3_TB_012_SCOPE_DEVICE_FENCE_SCOPE_DEVICE_FENCE_12.als,, SAT
z6_3_TB_0_1_2_SCOPE_DEVICE_FENCE_SCOPE_DEVICE_FENCE_1.als,, SAT
z6_3_TB_0_12_SCOPE_DEVICE_FENCE_SCOPE_DEVICE_FENCE_1.als,, SAT
z6_3_TB_01_2_SCOPE_DEVICE_FENCE_SCOPE_DEVICE_FENCE_1.als,, SAT
z6_3_TB_012_SCOPE_DEVICE_FENCE_SCOPE_DEVICE_FENCE_1.als,, SAT
z6_3_TB_0_1_2_SCOPE_DEVICE_FENCE_SCOPE_DEVICE_FENCE_2.als,, SAT
z6_3_TB_0_12_SCOPE_DEVICE_FENCE_SCOPE_DEVICE_FENCE_2.als,, SAT
z6_3_TB_01_2_SCOPE_DEVICE_FENCE_SCOPE_DEVICE_FENCE_2.als,, SAT
z6_3_TB_012_SCOPE_DEVICE_FENCE_SCOPE_DEVICE_FENCE_2.als,, SAT
z6_3_TB_0_1_2_SCOPE_DEVICE_NO_FENCE_ACQ_REL.als,, SAT
z6_3_TB_0_12_SCOPE_DEVICE_NO_FENCE_ACQ_REL.als,, SAT
z6_3_TB_01_2_SCOPE_DEVICE_NO_FENCE_ACQ_REL.als,, SAT
z6_3_TB_012_SCOPE_DEVICE_NO_FENCE_ACQ_REL.als,, SAT
z6_3_TB_0_1_2_SCOPE_DEVICE_NO_FENCE_RELAXED.als,, SAT
z6_3_TB_0_12_SCOPE_DEVICE_NO_FENCE_RELAXED.als,, SAT
z6_3_TB_01_2_SCOPE_DEVICE_NO_FENCE_RELAXED.als,, SAT
z6_3_TB_012_SCOPE_DEVICE_NO_FENCE_RELAXED.als,, SAT
z6_3_TB_1_02_SCOPE_BLOCK_FENCE_SCOPE_BLOCK_ALL_FENCE.als,, SAT
z6_3_TB_1_02_SCOPE_BLOCK_FENCE_SCOPE_BLOCK_FENCE_01.als,, SAT
z6_3_TB_1_02_SCOPE_BLOCK_FENCE_SCOPE_BLOCK_FENCE_02.als,, SAT
z6_3_TB_1_02_SCOPE_BLOCK_FENCE_SCOPE_BLOCK_FENCE_0.als,, SAT
z6_3_TB_1_02_SCOPE_BLOCK_FENCE_SCOPE_BLOCK_FENCE_12.als,, SAT
z6_3_TB_1_02_SCOPE_BLOCK_FENCE_SCOPE_BLOCK_FENCE_1.als,, SAT
z6_3_TB_1_02_SCOPE_BLOCK_FENCE_SCOPE_BLOCK_FENCE_2.als,, SAT
z6_3_TB_1_02_SCOPE_BLOCK_FENCE_SCOPE_DEVICE_ALL_FENCE.als,, SAT
z6_3_TB_1_02_SCOPE_BLOCK_FENCE_SCOPE_DEVICE_FENCE_01.als,, SAT
z6_3_TB_1_02_SCOPE_BLOCK_FENCE_SCOPE_DEVICE_FENCE_02.als,, SAT
z6_3_TB_1_02_SCOPE_BLOCK_FENCE_SCOPE_DEVICE_FENCE_0.als,, SAT
z6_3_TB_1_02_SCOPE_BLOCK_FENCE_SCOPE_DEVICE_FENCE_12.als,, SAT
z6_3_TB_1_02_SCOPE_BLOCK_FENCE_SCOPE_DEVICE_FENCE_1.als,, SAT
z6_3_TB_1_02_SCOPE_BLOCK_FENCE_SCOPE_DEVICE_FENCE_2.als,, SAT
z6_3_TB_1_02_SCOPE_BLOCK_NO_FENCE_ACQ_REL.als,, SAT
z6_3_TB_1_02_SCOPE_BLOCK_NO_FENCE_RELAXED.als,, SAT
z6_3_TB_1_02_SCOPE_DEVICE_FENCE_SCOPE_BLOCK_ALL_FENCE.als,, SAT
z6_3_TB_1_02_SCOPE_DEVICE_FENCE_SCOPE_BLOCK_FENCE_01.als,, SAT
z6_3_TB_1_02_SCOPE_DEVICE_FENCE_SCOPE_BLOCK_FENCE_02.als,, SAT
z6_3_TB_1_02_SCOPE_DEVICE_FENCE_SCOPE_BLOCK_FENCE_0.als,, SAT
z6_3_TB_1_02_SCOPE_DEVICE_FENCE_SCOPE_BLOCK_FENCE_12.als,, SAT
z6_3_TB_1_02_SCOPE_DEVICE_FENCE_SCOPE_BLOCK_FENCE_1.als,, SAT
z6_3_TB_1_02_SCOPE_DEVICE_FENCE_SCOPE_BLOCK_FENCE_2.als,, SAT
z6_3_TB_1_02_SCOPE_DEVICE_FENCE_SCOPE_DEVICE_ALL_FENCE.als,, SAT
z6_3_TB_1_02_SCOPE_DEVICE_FENCE_SCOPE_DEVICE_FENCE_01.als,, SAT
z6_3_TB_1_02_SCOPE_DEVICE_FENCE_SCOPE_DEVICE_FENCE_02.als,, SAT
z6_3_TB_1_02_SCOPE_DEVICE_FENCE_SCOPE_DEVICE_FENCE_0.als,, SAT
z6_3_TB_1_02_SCOPE_DEVICE_FENCE_SCOPE_DEVICE_FENCE_12.als,, SAT
z6_3_TB_1_02_SCOPE_DEVICE_FENCE_SCOPE_DEVICE_FENCE_1.als,, SAT
z6_3_TB_1_02_SCOPE_DEVICE_FENCE_SCOPE_DEVICE_FENCE_2.als,, SAT
z6_3_TB_1_02_SCOPE_DEVICE_NO_FENCE_ACQ_REL.als,, SAT
z6_3_TB_1_02_SCOPE_DEVICE_NO_FENCE_RELAXED.als,, SAT
